This is LuaHBTeX, Version 1.21.0 (TeX Live 2025)  (format=lualatex 2026.1.2)  4 JAN 2026 20:42
 restricted system commands enabled.
 file:line:error style messages enabled.
**main.tex
(./main.tex
LaTeX2e <2024-11-01> patch level 2
L3 programming layer <2025-01-18>
Lua module: luaotfload 2024-12-03 v3.29 Lua based OpenType font support
Lua module: lualibs 2023-07-13 v2.76 ConTeXt Lua standard libraries.
Lua module: lualibs-extended 2023-07-13 v2.76 ConTeXt Lua libraries -- extended 
collection.
luaotfload | conf : Root cache directory is "/Users/panagiwths/Library/texlive/2
025/texmf-var/luatex-cache/generic/names".
luaotfload | init : Loading fontloader "fontloader-2023-12-28.lua" from kpse-res
olved path "/usr/local/texlive/2025/texmf-dist/tex/luatex/luaotfload/fontloader-
2023-12-28.lua".
Lua-only attribute luaotfload@noligature = 1
luaotfload | init : Context OpenType loader version 3.134
Inserting `luaotfload.node_processor' in `pre_linebreak_filter'.
Inserting `luaotfload.node_processor' in `hpack_filter'.
Inserting `luaotfload.glyph_stream' in `glyph_stream_provider'.
Inserting `luaotfload.define_font' in `define_font'.
Lua-only attribute luaotfload_color_attribute = 2
luaotfload | conf : Root cache directory is "/Users/panagiwths/Library/texlive/2
025/texmf-var/luatex-cache/generic/names".
Inserting `luaotfload.harf.strip_prefix' in `find_opentype_file'.
Inserting `luaotfload.harf.strip_prefix' in `find_truetype_file'.
Removing  `luaotfload.glyph_stream' from `glyph_stream_provider'.
Inserting `luaotfload.harf.glyphstream' in `glyph_stream_provider'.
Inserting `luaotfload.harf.finalize_vlist' in `post_linebreak_filter'.
Inserting `luaotfload.harf.finalize_hlist' in `hpack_filter'.
Inserting `luaotfload.cleanup_files' in `wrapup_run'.
Inserting `luaotfload.harf.finalize_unicode' in `finish_pdffile'.
Inserting `luaotfload.glyphinfo' in `glyph_info'.
Lua-only attribute luaotfload.letterspace_done = 3
Inserting `luaotfload.aux.set_sscale_dimens' in `luaotfload.patch_font'.
Inserting `luaotfload.aux.set_font_index' in `luaotfload.patch_font'.
Inserting `luaotfload.aux.patch_cambria_domh' in `luaotfload.patch_font'.
Inserting `luaotfload.aux.fixup_fontdata' in `luaotfload.patch_font_unsafe'.
Inserting `luaotfload.aux.set_capheight' in `luaotfload.patch_font'.
Inserting `luaotfload.aux.set_xheight' in `luaotfload.patch_font'.
Inserting `luaotfload.rewrite_fontname' in `luaotfload.patch_font'.
Inserting `tracingstacklevels' in `input_level_string'. (./preamble.tex (/usr/l
ocal/texlive/2025/texmf-dist/tex/latex/base/article.cls
Document Class: article 2024/06/29 v1.4n Standard LaTeX document class
(/usr/local/texlive/2025/texmf-dist/tex/latex/base/size10.clo
File: size10.clo 2024/06/29 v1.4n Standard LaTeX file (size option)
luaotfload | db : Font names database loaded from /Users/panagiwths/Library/texl
ive/2025/texmf-var/luatex-cache/generic/names/luaotfload-names.luc.gz)
\c@part=\count194
\c@section=\count195
\c@subsection=\count196
\c@subsubsection=\count197
\c@paragraph=\count198
\c@subparagraph=\count199
\c@figure=\count266
\c@table=\count267
\abovecaptionskip=\skip49
\belowcaptionskip=\skip50
\bibindent=\dimen140
)
(/usr/local/texlive/2025/texmf-dist/tex/latex/geometry/geometry.sty
Package: geometry 2020/01/02 v5.9 Page Geometry

(/usr/local/texlive/2025/texmf-dist/tex/latex/graphics/keyval.sty
Package: keyval 2022/05/29 v1.15 key=value parser (DPC)
\KV@toks@=\toks17
)
(/usr/local/texlive/2025/texmf-dist/tex/generic/iftex/ifvtex.sty
Package: ifvtex 2019/10/25 v1.7 ifvtex legacy package. Use iftex instead.

(/usr/local/texlive/2025/texmf-dist/tex/generic/iftex/iftex.sty
Package: iftex 2024/12/12 v1.0g TeX engine tests
))
\Gm@cnth=\count268
\Gm@cntv=\count269
\c@Gm@tempcnt=\count270
\Gm@bindingoffset=\dimen141
\Gm@wd@mp=\dimen142
\Gm@odd@mp=\dimen143
\Gm@even@mp=\dimen144
\Gm@layoutwidth=\dimen145
\Gm@layoutheight=\dimen146
\Gm@layouthoffset=\dimen147
\Gm@layoutvoffset=\dimen148
\Gm@dimlist=\toks18
)
(/usr/local/texlive/2025/texmf-dist/tex/generic/babel/babel.sty
Package: babel 2025/02/14 v25.4 The multilingual framework for pdfLaTeX, LuaLaT
eX and XeLaTeX

(/usr/local/texlive/2025/texmf-dist/tex/generic/babel/luababel.def
\bbl@readstream=\read2
\l@dumylang=\language2
Package babel Info: Non-standard hyphenation setup on input line 118.
\l@nohyphenation=\language3
\l@german-x-2024-02-28=\language4
\l@ngerman-x-2024-02-28=\language5
\l@afrikaans=\language6
\l@albanian=\language7
\l@ancientgreek=\language8
\l@ibycus=\language9
\l@arabic=\language10
\l@armenian=\language11
\l@basque=\language12
\l@belarusian=\language13
\l@bulgarian=\language14
\l@catalan=\language15
\l@pinyin=\language16
\l@churchslavonic=\language17
\l@coptic=\language18
\l@croatian=\language19
\l@czech=\language20
\l@danish=\language21
\l@dutch=\language22
\l@ukenglish=\language23
\l@usenglishmax=\language24
\l@esperanto=\language25
\l@estonian=\language26
\l@ethiopic=\language27
\l@farsi=\language28
\l@finnish=\language29
\l@schoolfinnish=\language30
\l@french=\language31
\l@friulan=\language32
\l@galician=\language33
\l@georgian=\language34
\l@german=\language35
\l@ngerman=\language36
\l@swissgerman=\language37
\l@greek=\language38
\l@monogreek=\language39
\l@hebrew=\language40
\l@hungarian=\language41
\l@icelandic=\language42
\l@assamese=\language43
\l@bengali=\language44
\l@gujarati=\language45
\l@hindi=\language46
\l@kannada=\language47
\l@malayalam=\language48
\l@marathi=\language49
\l@oriya=\language50
\l@pali=\language51
\l@panjabi=\language52
\l@tamil=\language53
\l@telugu=\language54
\l@indonesian=\language55
\l@interlingua=\language56
\l@irish=\language57
\l@italian=\language58
\l@kurmanji=\language59
\l@classiclatin=\language60
\l@latin=\language61
\l@liturgicallatin=\language62
\l@latvian=\language63
\l@lithuanian=\language64
\l@macedonian=\language65
\l@mongolian=\language66
\l@mongolianlmc=\language67
\l@bokmal=\language68
\l@nynorsk=\language69
\l@occitan=\language70
\l@piedmontese=\language71
\l@polish=\language72
\l@portuguese=\language73
\l@romanian=\language74
\l@romansh=\language75
\l@russian=\language76
\l@sanskrit=\language77
\l@serbian=\language78
\l@serbianc=\language79
\l@slovak=\language80
\l@slovenian=\language81
\l@spanish=\language82
\l@swedish=\language83
\l@thai=\language84
\l@turkish=\language85
\l@turkmen=\language86
\l@ukrainian=\language87
\l@uppersorbian=\language88
\l@vietnamese=\language89
\l@welsh=\language90
\babelcatcodetablenum=\catcodetable14
\bbl@pattcodes=\catcodetable15
)
\babel@savecnt=\count271
\U@D=\dimen149
\l@unhyphenated=\language91

(/usr/local/texlive/2025/texmf-dist/tex/generic/babel/luababel.def
\bbl@attr@locale=\attribute4
)
Package babel Info: Main language set with 'main='. Except if you have
(babel)             problems, prefer the default mechanism for setting
(babel)             the main language, i.e., as the last declared.
(babel)             Reported on input line 4095.

(/usr/local/texlive/2025/texmf-dist/tex/generic/babel-english/english.ldf
Language: english 2017/06/06 v3.3r English support from the babel system
Package babel Info: Hyphen rules for 'canadian' set to \l@english
(babel)             (\language0). Reported on input line 102.
Package babel Info: Hyphen rules for 'australian' set to \l@ukenglish
(babel)             (\language23). Reported on input line 105.
Package babel Info: Hyphen rules for 'newzealand' set to \l@ukenglish
(babel)             (\language23). Reported on input line 108.
)
(/usr/local/texlive/2025/texmf-dist/tex/generic/babel-greek/greek.ldf
Language: greek 2023/10/13 1.15 Greek support for the babel system
\bbl@monogreek=\count272
\bbl@polygreek=\count273
\bbl@ancientgreek=\count274

(/usr/local/texlive/2025/texmf-dist/tex/latex/greek-fontenc/tuenc-greek.def
File: tuenc-greek.def 2023-09-12 2.5 Greek LICRs for XeTeX and LuaTeX

(/usr/local/texlive/2025/texmf-dist/tex/latex/greek-fontenc/greek-fontenc.def
File: greek-fontenc.def 2023-09-12 2.5 Common Greek font encoding definitions
))
(/usr/local/texlive/2025/texmf-dist/tex/generic/hyph-utf8/loadhyph/loadhyph-el-
polyton.tex
UTF-8 Hyphenation patterns for multi-accent (polytonic) Modern Greek
(/usr/local/texlive/2025/texmf-dist/tex/generic/hyph-utf8/patterns/tex/hyph-el-
polyton.tex))))
(/usr/local/texlive/2025/texmf-dist/tex/generic/babel/locale/el/babel-greek.tex
Package babel Info: Importing font and identification data for greek
(babel)             from babel-el.ini. Reported on input line 11.
)
(/usr/local/texlive/2025/texmf-dist/tex/generic/babel/locale/en/babel-english.t
ex
Package babel Info: Importing font and identification data for english
(babel)             from babel-en.ini. Reported on input line 11.
) (/usr/local/texlive/2025/texmf-dist/tex/latex/biblatex/biblatex.sty
Package: biblatex 2024/03/21 v3.20 programmable bibliographies (PK/MW)

(/usr/local/texlive/2025/texmf-dist/tex/generic/pdftexcmds/pdftexcmds.sty
Package: pdftexcmds 2020-06-27 v0.33 Utility functions of pdfTeX for LuaTeX (HO
)

(/usr/local/texlive/2025/texmf-dist/tex/generic/infwarerr/infwarerr.sty
Package: infwarerr 2019/12/03 v1.5 Providing info/warning/error messages (HO)
)
(/usr/local/texlive/2025/texmf-dist/tex/generic/ltxcmds/ltxcmds.sty
Package: ltxcmds 2023-12-04 v1.26 LaTeX kernel commands for general use (HO)
)
Package pdftexcmds Info: \pdf@primitive is available.
Package pdftexcmds Info: \pdf@ifprimitive is available.
Package pdftexcmds Info: \pdfdraftmode found.
\pdftexcmds@toks=\toks19
)
(/usr/local/texlive/2025/texmf-dist/tex/latex/etoolbox/etoolbox.sty
Package: etoolbox 2025/02/11 v2.5l e-TeX tools for LaTeX (JAW)
\etb@tempcnta=\count275
)
(/usr/local/texlive/2025/texmf-dist/tex/latex/kvoptions/kvoptions.sty
Package: kvoptions 2022-06-15 v3.15 Key value format for package options (HO)

(/usr/local/texlive/2025/texmf-dist/tex/latex/kvsetkeys/kvsetkeys.sty
Package: kvsetkeys 2022-10-05 v1.19 Key value parser (HO)
))
(/usr/local/texlive/2025/texmf-dist/tex/latex/logreq/logreq.sty
Package: logreq 2010/08/04 v1.0 xml request logger
\lrq@indent=\count276

(/usr/local/texlive/2025/texmf-dist/tex/latex/logreq/logreq.def
File: logreq.def 2010/08/04 v1.0 logreq spec v1.0
))
(/usr/local/texlive/2025/texmf-dist/tex/latex/base/ifthen.sty
Package: ifthen 2024/03/16 v1.1e Standard LaTeX ifthen package (DPC)
)
(/usr/local/texlive/2025/texmf-dist/tex/latex/url/url.sty
\Urlmuskip=\muskip17
Package: url 2013/09/16  ver 3.4  Verb mode for urls, etc.
)
\c@tabx@nest=\count277
\c@listtotal=\count278
\c@listcount=\count279
\c@liststart=\count280
\c@liststop=\count281
\c@citecount=\count282
\c@citetotal=\count283
\c@multicitecount=\count284
\c@multicitetotal=\count285
\c@instcount=\count286
\c@maxnames=\count287
\c@minnames=\count288
\c@maxitems=\count289
\c@minitems=\count290
\c@citecounter=\count291
\c@maxcitecounter=\count292
\c@savedcitecounter=\count293
\c@uniquelist=\count294
\c@uniquename=\count295
\c@refsection=\count296
\c@refsegment=\count297
\c@maxextratitle=\count298
\c@maxextratitleyear=\count299
\c@maxextraname=\count300
\c@maxextradate=\count301
\c@maxextraalpha=\count302
\c@abbrvpenalty=\count303
\c@highnamepenalty=\count304
\c@lownamepenalty=\count305
\c@maxparens=\count306
\c@parenlevel=\count307
\blx@tempcnta=\count308
\blx@tempcntb=\count309
\blx@tempcntc=\count310
\c@blx@maxsection=\count311
\blx@maxsegment@0=\count312
\blx@notetype=\count313
\blx@parenlevel@text=\count314
\blx@parenlevel@foot=\count315
\blx@sectionciteorder@0=\count316
\blx@sectionciteorderinternal@0=\count317
\blx@entrysetcounter=\count318
\blx@biblioinstance=\count319
\labelnumberwidth=\skip51
\labelalphawidth=\skip52
\biblabelsep=\skip53
\bibitemsep=\skip54
\bibnamesep=\skip55
\bibinitsep=\skip56
\bibparsep=\skip57
\bibhang=\skip58
\blx@bcfin=\read3
\blx@bcfout=\write3
\blx@langwohyphens=\language92
\c@mincomprange=\count320
\c@maxcomprange=\count321
\c@mincompwidth=\count322
Package biblatex Info: Trying to load biblatex default data model...
Package biblatex Info: ... file 'blx-dm.def' found.

(/usr/local/texlive/2025/texmf-dist/tex/latex/biblatex/blx-dm.def
File: blx-dm.def 2024/03/21 v3.20 biblatex datamodel (PK/MW)
)
Package biblatex Info: Trying to load biblatex style data model...
Package biblatex Info: ... file 'ieee.dbx' not found.
Package biblatex Info: Trying to load biblatex custom data model...
Package biblatex Info: ... file 'biblatex-dm.cfg' not found.
\c@afterword=\count323
\c@savedafterword=\count324
\c@annotator=\count325
\c@savedannotator=\count326
\c@author=\count327
\c@savedauthor=\count328
\c@bookauthor=\count329
\c@savedbookauthor=\count330
\c@commentator=\count331
\c@savedcommentator=\count332
\c@editor=\count333
\c@savededitor=\count334
\c@editora=\count335
\c@savededitora=\count336
\c@editorb=\count337
\c@savededitorb=\count338
\c@editorc=\count339
\c@savededitorc=\count340
\c@foreword=\count341
\c@savedforeword=\count342
\c@holder=\count343
\c@savedholder=\count344
\c@introduction=\count345
\c@savedintroduction=\count346
\c@namea=\count347
\c@savednamea=\count348
\c@nameb=\count349
\c@savednameb=\count350
\c@namec=\count351
\c@savednamec=\count352
\c@translator=\count353
\c@savedtranslator=\count354
\c@shortauthor=\count355
\c@savedshortauthor=\count356
\c@shorteditor=\count357
\c@savedshorteditor=\count358
\c@labelname=\count359
\c@savedlabelname=\count360
\c@institution=\count361
\c@savedinstitution=\count362
\c@lista=\count363
\c@savedlista=\count364
\c@listb=\count365
\c@savedlistb=\count366
\c@listc=\count367
\c@savedlistc=\count368
\c@listd=\count369
\c@savedlistd=\count370
\c@liste=\count371
\c@savedliste=\count372
\c@listf=\count373
\c@savedlistf=\count374
\c@location=\count375
\c@savedlocation=\count376
\c@organization=\count377
\c@savedorganization=\count378
\c@origlocation=\count379
\c@savedoriglocation=\count380
\c@origpublisher=\count381
\c@savedorigpublisher=\count382
\c@publisher=\count383
\c@savedpublisher=\count384
\c@language=\count385
\c@savedlanguage=\count386
\c@origlanguage=\count387
\c@savedoriglanguage=\count388
\c@pageref=\count389
\c@savedpageref=\count390
\shorthandwidth=\skip59
\shortjournalwidth=\skip60
\shortserieswidth=\skip61
\shorttitlewidth=\skip62
\shortauthorwidth=\skip63
\shorteditorwidth=\skip64
\locallabelnumberwidth=\skip65
\locallabelalphawidth=\skip66
\localshorthandwidth=\skip67
\localshortjournalwidth=\skip68
\localshortserieswidth=\skip69
\localshorttitlewidth=\skip70
\localshortauthorwidth=\skip71
\localshorteditorwidth=\skip72
Package biblatex Info: Trying to load enhanced support for Unicode engines...
Package biblatex Info: ... file 'blx-unicode.def' found.

(/usr/local/texlive/2025/texmf-dist/tex/latex/biblatex/blx-unicode.def)
Package biblatex Info: Trying to load compatibility code...
Package biblatex Info: ... file 'blx-compat.def' found.

(/usr/local/texlive/2025/texmf-dist/tex/latex/biblatex/blx-compat.def
File: blx-compat.def 2024/03/21 v3.20 biblatex compatibility (PK/MW)
)
Package biblatex Info: Trying to load generic definitions...
Package biblatex Info: ... file 'biblatex.def' found.

(/usr/local/texlive/2025/texmf-dist/tex/latex/biblatex/biblatex.def
File: biblatex.def 2024/03/21 v3.20 biblatex compatibility (PK/MW)
\c@textcitecount=\count391
\c@textcitetotal=\count392
\c@textcitemaxnames=\count393
\c@biburlbigbreakpenalty=\count394
\c@biburlbreakpenalty=\count395
\c@biburlnumpenalty=\count396
\c@biburlucpenalty=\count397
\c@biburllcpenalty=\count398
\biburlbigskip=\muskip18
\biburlnumskip=\muskip19
\biburlucskip=\muskip20
\biburllcskip=\muskip21
\c@smartand=\count399
)
Package biblatex Info: Trying to load bibliography style 'ieee'...
Package biblatex Info: ... file 'ieee.bbx' found.

(/usr/local/texlive/2025/texmf-dist/tex/latex/biblatex-ieee/ieee.bbx
File: ieee.bbx 2025-01-15 v1.4c biblatex bibliography style
Package biblatex Info: Trying to load bibliography style 'numeric-comp'...
Package biblatex Info: ... file 'numeric-comp.bbx' found.

(/usr/local/texlive/2025/texmf-dist/tex/latex/biblatex/bbx/numeric-comp.bbx
File: numeric-comp.bbx 2024/03/21 v3.20 biblatex bibliography style (PK/MW)
Package biblatex Info: Trying to load bibliography style 'numeric'...
Package biblatex Info: ... file 'numeric.bbx' found.

(/usr/local/texlive/2025/texmf-dist/tex/latex/biblatex/bbx/numeric.bbx
File: numeric.bbx 2024/03/21 v3.20 biblatex bibliography style (PK/MW)
Package biblatex Info: Trying to load bibliography style 'standard'...
Package biblatex Info: ... file 'standard.bbx' found.

(/usr/local/texlive/2025/texmf-dist/tex/latex/biblatex/bbx/standard.bbx
File: standard.bbx 2024/03/21 v3.20 biblatex bibliography style (PK/MW)
\c@bbx:relatedcount=\count400
\c@bbx:relatedtotal=\count401
))))
Package biblatex Info: Trying to load citation style 'ieee'...
Package biblatex Info: ... file 'ieee.cbx' found.

(/usr/local/texlive/2025/texmf-dist/tex/latex/biblatex-ieee/ieee.cbx
File: ieee.cbx 2025-01-15 v1.4c biblatex citation style
Package biblatex Info: Trying to load citation style 'numeric-verb'...
Package biblatex Info: ... file 'numeric-verb.cbx' found.

(/usr/local/texlive/2025/texmf-dist/tex/latex/biblatex/cbx/numeric-verb.cbx
File: numeric-verb.cbx 2024/03/21 v3.20 biblatex citation style (PK/MW)
Package biblatex Info: Redefining '\cite'.
Package biblatex Info: Redefining '\parencite'.
Package biblatex Info: Redefining '\footcite'.
Package biblatex Info: Redefining '\footcitetext'.
Package biblatex Info: Redefining '\smartcite'.
Package biblatex Info: Redefining '\textcite'.
Package biblatex Info: Redefining '\supercite'.
Package biblatex Info: Redefining '\parencites'.
Package biblatex Info: Redefining '\smartcites'.
Package biblatex Info: Redefining '\textcites'.
))
Package biblatex Info: Trying to load configuration file...
Package biblatex Info: ... file 'biblatex.cfg' found.

(/usr/local/texlive/2025/texmf-dist/tex/latex/biblatex/biblatex.cfg
File: biblatex.cfg 
)
Package biblatex Info: LuaTeX detected.
(biblatex)             Assuming input encoding 'utf8'.
Package biblatex Info: Document encoding is UTF8 ....

(/usr/local/texlive/2025/texmf-dist/tex/latex/l3kernel/expl3.sty
Package: expl3 2025-01-18 L3 programming layer (loader) 

(/usr/local/texlive/2025/texmf-dist/tex/latex/l3backend/l3backend-luatex.def
File: l3backend-luatex.def 2024-05-08 L3 backend support: PDF output (LuaTeX)
\l__color_backend_stack_int=\count402
Inserting `l3color' in `luaotfload.parse_color'.
\l__pdf_internal_box=\box52
))
Package biblatex Info: ... and expl3
(biblatex)             2025-01-18 L3 programming layer (loader) 
(biblatex)             is new enough (at least 2020/04/06),
(biblatex)             setting 'casechanger=expl3'.

(/usr/local/texlive/2025/texmf-dist/tex/latex/biblatex/blx-case-expl3.sty
(/usr/local/texlive/2025/texmf-dist/tex/latex/l3packages/xparse/xparse.sty
Package: xparse 2024-08-16 L3 Experimental document command parser
)
Package: blx-case-expl3 2024/03/21 v3.20 expl3 case changing code for biblatex
))
(/usr/local/texlive/2025/texmf-dist/tex/latex/amsmath/amsmath.sty
Package: amsmath 2024/11/05 v2.17t AMS math features
\@mathmargin=\skip73

For additional information on amsmath, use the `?' option.
(/usr/local/texlive/2025/texmf-dist/tex/latex/amsmath/amstext.sty
Package: amstext 2021/08/26 v2.01 AMS text

(/usr/local/texlive/2025/texmf-dist/tex/latex/amsmath/amsgen.sty
File: amsgen.sty 1999/11/30 v2.0 generic functions
\@emptytoks=\toks20
\ex@=\dimen150
))
(/usr/local/texlive/2025/texmf-dist/tex/latex/amsmath/amsbsy.sty
Package: amsbsy 1999/11/29 v1.2d Bold Symbols
\pmbraise@=\dimen151
)
(/usr/local/texlive/2025/texmf-dist/tex/latex/amsmath/amsopn.sty
Package: amsopn 2022/04/08 v2.04 operator names
)
\inf@bad=\count403
LaTeX Info: Redefining \frac on input line 235.
\uproot@=\count404
\leftroot@=\count405
LaTeX Info: Redefining \overline on input line 398.
LaTeX Info: Redefining \colon on input line 409.
\classnum@=\count406
\DOTSCASE@=\count407
LaTeX Info: Redefining \ldots on input line 495.
LaTeX Info: Redefining \dots on input line 498.
LaTeX Info: Redefining \cdots on input line 619.
\Mathstrutbox@=\box53
\strutbox@=\box54
LaTeX Info: Redefining \big on input line 721.
LaTeX Info: Redefining \Big on input line 722.
LaTeX Info: Redefining \bigg on input line 723.
LaTeX Info: Redefining \Bigg on input line 724.
\big@size=\dimen152
LaTeX Font Info:    Redeclaring font encoding OML on input line 742.
LaTeX Font Info:    Redeclaring font encoding OMS on input line 743.
\macc@depth=\count408
LaTeX Info: Redefining \bmod on input line 904.
LaTeX Info: Redefining \pmod on input line 909.
LaTeX Info: Redefining \smash on input line 939.
LaTeX Info: Redefining \relbar on input line 969.
LaTeX Info: Redefining \Relbar on input line 970.
\c@MaxMatrixCols=\count409
\dotsspace@=\muskip22
\c@parentequation=\count410
\dspbrk@lvl=\count411
\tag@help=\toks21
\row@=\count412
\column@=\count413
\maxfields@=\count414
\andhelp@=\toks22
\eqnshift@=\dimen153
\alignsep@=\dimen154
\tagshift@=\dimen155
\tagwidth@=\dimen156
\totwidth@=\dimen157
\lineht@=\dimen158
\@envbody=\toks23
\multlinegap=\skip74
\multlinetaggap=\skip75
\mathdisplay@stack=\toks24
LaTeX Info: Redefining \[ on input line 2953.
LaTeX Info: Redefining \] on input line 2954.
)
(/usr/local/texlive/2025/texmf-dist/tex/latex/amscls/amsthm.sty
Package: amsthm 2020/05/29 v2.20.6
\thm@style=\toks25
\thm@bodyfont=\toks26
\thm@headfont=\toks27
\thm@notefont=\toks28
\thm@headpunct=\toks29
\thm@preskip=\skip76
\thm@postskip=\skip77
\thm@headsep=\skip78
\dth@everypar=\toks30
)
(/usr/local/texlive/2025/texmf-dist/tex/latex/amsfonts/amsfonts.sty
Package: amsfonts 2013/01/14 v3.01 Basic AMSFonts support
\symAMSa=\mathgroup4
\symAMSb=\mathgroup5
LaTeX Font Info:    Redeclaring math symbol \hbar on input line 98.
LaTeX Font Info:    Overwriting math alphabet `\mathfrak' in version `bold'
(Font)                  U/euf/m/n --> U/euf/b/n on input line 106.
)
(/usr/local/texlive/2025/texmf-dist/tex/latex/amsfonts/amssymb.sty
Package: amssymb 2013/01/14 v3.01 AMS font symbols
)
(/usr/local/texlive/2025/texmf-dist/tex/latex/amsmath/amsxtra.sty
Package: amsxtra 1999/11/15 v1.2c AMS extra commands
LaTeX Info: Redefining \nobreakspace on input line 54.
)
(/usr/local/texlive/2025/texmf-dist/tex/latex/mathtools/mathtools.sty
Package: mathtools 2024/10/04 v1.31 mathematical typesetting tools

(/usr/local/texlive/2025/texmf-dist/tex/latex/tools/calc.sty
Package: calc 2023/07/08 v4.3 Infix arithmetic (KKT,FJ)
\calc@Acount=\count415
\calc@Bcount=\count416
\calc@Adimen=\dimen159
\calc@Bdimen=\dimen160
\calc@Askip=\skip79
\calc@Bskip=\skip80
LaTeX Info: Redefining \setlength on input line 80.
LaTeX Info: Redefining \addtolength on input line 81.
\calc@Ccount=\count417
\calc@Cskip=\skip81
)
(/usr/local/texlive/2025/texmf-dist/tex/latex/mathtools/mhsetup.sty
Package: mhsetup 2021/03/18 v1.4 programming setup (MH)
)
\g_MT_multlinerow_int=\count418
\l_MT_multwidth_dim=\dimen161
\origjot=\skip82
\l_MT_shortvdotswithinadjustabove_dim=\dimen162
\l_MT_shortvdotswithinadjustbelow_dim=\dimen163
\l_MT_above_intertext_sep=\dimen164
\l_MT_below_intertext_sep=\dimen165
\l_MT_above_shortintertext_sep=\dimen166
\l_MT_below_shortintertext_sep=\dimen167
\xmathstrut@box=\box55
\xmathstrut@dim=\dimen168
)
(/usr/local/texlive/2025/texmf-dist/tex/latex/xfrac/xfrac.sty
(/usr/local/texlive/2025/texmf-dist/tex/latex/graphics/graphicx.sty
Package: graphicx 2021/09/16 v1.2d Enhanced LaTeX Graphics (DPC,SPQR)

(/usr/local/texlive/2025/texmf-dist/tex/latex/graphics/graphics.sty
Package: graphics 2024/08/06 v1.4g Standard LaTeX Graphics (DPC,SPQR)

(/usr/local/texlive/2025/texmf-dist/tex/latex/graphics/trig.sty
Package: trig 2023/12/02 v1.11 sin cos tan (DPC)
)
(/usr/local/texlive/2025/texmf-dist/tex/latex/graphics-cfg/graphics.cfg
File: graphics.cfg 2016/06/04 v1.11 sample graphics configuration
)
Package graphics Info: Driver file: luatex.def on input line 106.

(/usr/local/texlive/2025/texmf-dist/tex/latex/graphics-def/luatex.def
File: luatex.def 2024/04/13 v1.2e Graphics/color driver for luatex
))
\Gin@req@height=\dimen169
\Gin@req@width=\dimen170
)
Package: xfrac 2024-06-04 Split-level fractions
\l__xfrac_slash_box=\box56
\l__xfrac_tmp_box=\box57
\l__xfrac_denominator_bot_sep_dim=\dimen171
\l__xfrac_numerator_bot_sep_dim=\dimen172
\l__xfrac_numerator_top_sep_dim=\dimen173
\l__xfrac_slash_left_sep_dim=\dimen174
\l__xfrac_slash_right_sep_dim=\dimen175
\l__xfrac_slash_left_muskip=\muskip23
\l__xfrac_slash_right_muskip=\muskip24

LaTeX template Info: Declaring template type 'xfrac' taking 3 argument(s) on
(template)           line 100.


LaTeX template Info: Declaring instance 'cmr' of type xfrac on line 392.


LaTeX template Info: Declaring instance 'cmss' of type xfrac on line 392.


LaTeX template Info: Declaring instance 'cmtt' of type xfrac on line 392.

)
(/usr/local/texlive/2025/texmf-dist/tex/latex/units/nicefrac.sty
Package: nicefrac 1998/08/04 v0.9b Nice fractions
\L@UnitsRaiseDisplaystyle=\skip83
\L@UnitsRaiseTextstyle=\skip84
\L@UnitsRaiseScriptstyle=\skip85
)
(/usr/local/texlive/2025/texmf-dist/tex/latex/siunitx/siunitx.sty
Package: siunitx 2025-02-27 v3.4.6 A comprehensive (SI) units package
\l__siunitx_number_uncert_offset_int=\count419
\l__siunitx_number_exponent_fixed_int=\count420
\l__siunitx_number_min_decimal_int=\count421
\l__siunitx_number_min_integer_int=\count422
\l__siunitx_number_round_precision_int=\count423
\l__siunitx_number_lower_threshold_int=\count424
\l__siunitx_number_upper_threshold_int=\count425
\l__siunitx_number_group_first_int=\count426
\l__siunitx_number_group_size_int=\count427
\l__siunitx_number_group_minimum_int=\count428
\l__siunitx_angle_tmp_dim=\dimen176
\l__siunitx_angle_marker_box=\box58
\l__siunitx_angle_unit_box=\box59
\l__siunitx_compound_count_int=\count429

(/usr/local/texlive/2025/texmf-dist/tex/latex/translations/translations.sty
Package: translations 2022/02/05 v1.12 internationalization of LaTeX2e packages
 (CN)
)
\l__siunitx_table_tmp_box=\box60
\l__siunitx_table_tmp_dim=\dimen177
\l__siunitx_table_column_width_dim=\dimen178
\l__siunitx_table_integer_box=\box61
\l__siunitx_table_decimal_box=\box62
\l__siunitx_table_uncert_box=\box63
\l__siunitx_table_before_box=\box64
\l__siunitx_table_after_box=\box65
\l__siunitx_table_before_dim=\dimen179
\l__siunitx_table_carry_dim=\dimen180
\l__siunitx_unit_tmp_int=\count430
\l__siunitx_unit_position_int=\count431
\l__siunitx_unit_total_int=\count432

(/usr/local/texlive/2025/texmf-dist/tex/latex/tools/array.sty
Package: array 2024/10/17 v2.6g Tabular extension package (FMi)
\col@sep=\dimen181
\ar@mcellbox=\box66
\extrarowheight=\dimen182
\NC@list=\toks31
\extratabsurround=\skip86
\backup@length=\skip87
\ar@cellbox=\box67
))
(/usr/local/texlive/2025/texmf-dist/tex/latex/stmaryrd/stmaryrd.sty
Package: stmaryrd 1994/03/03 St Mary's Road symbol package
\symstmry=\mathgroup6
LaTeX Font Info:    Overwriting symbol font `stmry' in version `bold'
(Font)                  U/stmry/m/n --> U/stmry/b/n on input line 89.
)
(/usr/local/texlive/2025/texmf-dist/tex/latex/cancel/cancel.sty
Package: cancel 2013/04/12 v2.2 Cancel math terms
)
(/usr/local/texlive/2025/texmf-dist/tex/latex/relsize/relsize.sty
Package: relsize 2013/03/29 ver 4.1
)
(/usr/local/texlive/2025/texmf-dist/tex/latex/steinmetz/steinmetz.sty
Package: steinmetz 2009/06/14 v1.0 Steinmetz symbol for electrotechnics

(/usr/local/texlive/2025/texmf-dist/tex/latex/pict2e/pict2e.sty
Package: pict2e 2020/09/30 v0.4b Improved picture commands (HjG,RN,JT)

(/usr/local/texlive/2025/texmf-dist/tex/latex/pict2e/pict2e.cfg
File: pict2e.cfg 2016/02/05 v0.1u pict2e configuration for teTeX/TeXLive
)
Package pict2e Info: Driver file: luatex.def on input line 112.
Package pict2e Info: Driver file for pict2e: p2e-luatex.def on input line 114.

(/usr/local/texlive/2025/texmf-dist/tex/latex/pict2e/p2e-luatex.def
File: p2e-luatex.def 2016/02/05 v0.1u Driver-dependant file (RN,HjG,JT)
)
\pIIe@GRAPH=\toks32
\@arclen=\dimen183
\@arcrad=\dimen184
\pIIe@tempdima=\dimen185
\pIIe@tempdimb=\dimen186
\pIIe@tempdimc=\dimen187
\pIIe@tempdimd=\dimen188
\pIIe@tempdime=\dimen189
\pIIe@tempdimf=\dimen190
)
\stm@phasebox=\box68
\stm@phasedp=\skip88
\stm@phaseht=\skip89
\stm@phasetot=\skip90
\stm@phasewd=\skip91
)
(/usr/local/texlive/2025/texmf-dist/tex/latex/braket/braket.sty)
(/usr/local/texlive/2025/texmf-dist/tex/latex/nicematrix/nicematrix.sty
(/usr/local/texlive/2025/texmf-dist/tex/latex/pgf/basiclayer/pgfcore.sty
(/usr/local/texlive/2025/texmf-dist/tex/latex/pgf/systemlayer/pgfsys.sty
(/usr/local/texlive/2025/texmf-dist/tex/latex/pgf/utilities/pgfrcs.sty
(/usr/local/texlive/2025/texmf-dist/tex/generic/pgf/utilities/pgfutil-common.te
x
\pgfutil@everybye=\toks33
\pgfutil@tempdima=\dimen191
\pgfutil@tempdimb=\dimen192
)
(/usr/local/texlive/2025/texmf-dist/tex/generic/pgf/utilities/pgfutil-latex.def
\pgfutil@abb=\box69
) (/usr/local/texlive/2025/texmf-dist/tex/generic/pgf/utilities/pgfrcs.code.tex
(/usr/local/texlive/2025/texmf-dist/tex/generic/pgf/pgf.revision.tex)
Package: pgfrcs 2023-01-15 v3.1.10 (3.1.10)
))
(/usr/local/texlive/2025/texmf-dist/tex/generic/pgf/systemlayer/pgfsys.code.tex
Package: pgfsys 2023-01-15 v3.1.10 (3.1.10)
(/usr/local/texlive/2025/texmf-dist/tex/generic/pgf/utilities/pgfkeys.code.tex
\pgfkeys@pathtoks=\toks34
\pgfkeys@temptoks=\toks35

(/usr/local/texlive/2025/texmf-dist/tex/generic/pgf/utilities/pgfkeyslibraryfil
tered.code.tex
\pgfkeys@tmptoks=\toks36
))
\pgf@x=\dimen193
\pgf@y=\dimen194
\pgf@xa=\dimen195
\pgf@ya=\dimen196
\pgf@xb=\dimen197
\pgf@yb=\dimen198
\pgf@xc=\dimen199
\pgf@yc=\dimen256
\pgf@xd=\dimen257
\pgf@yd=\dimen258
\w@pgf@writea=\write4
\r@pgf@reada=\read4
\c@pgf@counta=\count433
\c@pgf@countb=\count434
\c@pgf@countc=\count435
\c@pgf@countd=\count436
\t@pgf@toka=\toks37
\t@pgf@tokb=\toks38
\t@pgf@tokc=\toks39
\pgf@sys@id@count=\count437

(/usr/local/texlive/2025/texmf-dist/tex/generic/pgf/systemlayer/pgf.cfg
File: pgf.cfg 2023-01-15 v3.1.10 (3.1.10)
)
Driver file for pgf: pgfsys-luatex.def

(/usr/local/texlive/2025/texmf-dist/tex/generic/pgf/systemlayer/pgfsys-luatex.d
ef
File: pgfsys-luatex.def 2023-01-15 v3.1.10 (3.1.10)

(/usr/local/texlive/2025/texmf-dist/tex/generic/pgf/systemlayer/pgfsys-common-p
df.def
File: pgfsys-common-pdf.def 2023-01-15 v3.1.10 (3.1.10)
)))
(/usr/local/texlive/2025/texmf-dist/tex/generic/pgf/systemlayer/pgfsyssoftpath.
code.tex
File: pgfsyssoftpath.code.tex 2023-01-15 v3.1.10 (3.1.10)
\pgfsyssoftpath@smallbuffer@items=\count438
\pgfsyssoftpath@bigbuffer@items=\count439
)
(/usr/local/texlive/2025/texmf-dist/tex/generic/pgf/systemlayer/pgfsysprotocol.
code.tex
File: pgfsysprotocol.code.tex 2023-01-15 v3.1.10 (3.1.10)
)) (/usr/local/texlive/2025/texmf-dist/tex/latex/xcolor/xcolor.sty
Package: xcolor 2024/09/29 v3.02 LaTeX color extensions (UK)

(/usr/local/texlive/2025/texmf-dist/tex/latex/graphics-cfg/color.cfg
File: color.cfg 2016/01/02 v1.6 sample color configuration
)
Package xcolor Info: Driver file: luatex.def on input line 274.

(/usr/local/texlive/2025/texmf-dist/tex/latex/graphics/mathcolor.ltx)
Package xcolor Info: Model `cmy' substituted by `cmy0' on input line 1349.
Package xcolor Info: Model `hsb' substituted by `rgb' on input line 1353.
Package xcolor Info: Model `RGB' extended on input line 1365.
Package xcolor Info: Model `HTML' substituted by `rgb' on input line 1367.
Package xcolor Info: Model `Hsb' substituted by `hsb' on input line 1368.
Package xcolor Info: Model `tHsb' substituted by `hsb' on input line 1369.
Package xcolor Info: Model `HSB' substituted by `hsb' on input line 1370.
Package xcolor Info: Model `Gray' substituted by `gray' on input line 1371.
Package xcolor Info: Model `wave' substituted by `hsb' on input line 1372.
)
(/usr/local/texlive/2025/texmf-dist/tex/generic/pgf/basiclayer/pgfcore.code.tex
Package: pgfcore 2023-01-15 v3.1.10 (3.1.10)
(/usr/local/texlive/2025/texmf-dist/tex/generic/pgf/math/pgfmath.code.tex
(/usr/local/texlive/2025/texmf-dist/tex/generic/pgf/math/pgfmathutil.code.tex)
(/usr/local/texlive/2025/texmf-dist/tex/generic/pgf/math/pgfmathparser.code.tex
\pgfmath@dimen=\dimen259
\pgfmath@count=\count440
\pgfmath@box=\box70
\pgfmath@toks=\toks40
\pgfmath@stack@operand=\toks41
\pgfmath@stack@operation=\toks42
)
(/usr/local/texlive/2025/texmf-dist/tex/generic/pgf/math/pgfmathfunctions.code.
tex)
(/usr/local/texlive/2025/texmf-dist/tex/generic/pgf/math/pgfmathfunctions.basic
.code.tex)
(/usr/local/texlive/2025/texmf-dist/tex/generic/pgf/math/pgfmathfunctions.trigo
nometric.code.tex)
(/usr/local/texlive/2025/texmf-dist/tex/generic/pgf/math/pgfmathfunctions.rando
m.code.tex)
(/usr/local/texlive/2025/texmf-dist/tex/generic/pgf/math/pgfmathfunctions.compa
rison.code.tex)
(/usr/local/texlive/2025/texmf-dist/tex/generic/pgf/math/pgfmathfunctions.base.
code.tex)
(/usr/local/texlive/2025/texmf-dist/tex/generic/pgf/math/pgfmathfunctions.round
.code.tex)
(/usr/local/texlive/2025/texmf-dist/tex/generic/pgf/math/pgfmathfunctions.misc.
code.tex)
(/usr/local/texlive/2025/texmf-dist/tex/generic/pgf/math/pgfmathfunctions.integ
erarithmetics.code.tex)
(/usr/local/texlive/2025/texmf-dist/tex/generic/pgf/math/pgfmathcalc.code.tex)
(/usr/local/texlive/2025/texmf-dist/tex/generic/pgf/math/pgfmathfloat.code.tex
\c@pgfmathroundto@lastzeros=\count441
)) (/usr/local/texlive/2025/texmf-dist/tex/generic/pgf/math/pgfint.code.tex)
(/usr/local/texlive/2025/texmf-dist/tex/generic/pgf/basiclayer/pgfcorepoints.co
de.tex
File: pgfcorepoints.code.tex 2023-01-15 v3.1.10 (3.1.10)
\pgf@picminx=\dimen260
\pgf@picmaxx=\dimen261
\pgf@picminy=\dimen262
\pgf@picmaxy=\dimen263
\pgf@pathminx=\dimen264
\pgf@pathmaxx=\dimen265
\pgf@pathminy=\dimen266
\pgf@pathmaxy=\dimen267
\pgf@xx=\dimen268
\pgf@xy=\dimen269
\pgf@yx=\dimen270
\pgf@yy=\dimen271
\pgf@zx=\dimen272
\pgf@zy=\dimen273
)
(/usr/local/texlive/2025/texmf-dist/tex/generic/pgf/basiclayer/pgfcorepathconst
ruct.code.tex
File: pgfcorepathconstruct.code.tex 2023-01-15 v3.1.10 (3.1.10)
\pgf@path@lastx=\dimen274
\pgf@path@lasty=\dimen275
)
(/usr/local/texlive/2025/texmf-dist/tex/generic/pgf/basiclayer/pgfcorepathusage
.code.tex
File: pgfcorepathusage.code.tex 2023-01-15 v3.1.10 (3.1.10)
\pgf@shorten@end@additional=\dimen276
\pgf@shorten@start@additional=\dimen277
)
(/usr/local/texlive/2025/texmf-dist/tex/generic/pgf/basiclayer/pgfcorescopes.co
de.tex
File: pgfcorescopes.code.tex 2023-01-15 v3.1.10 (3.1.10)
\pgfpic=\box71
\pgf@hbox=\box72
\pgf@layerbox@main=\box73
\pgf@picture@serial@count=\count442
)
(/usr/local/texlive/2025/texmf-dist/tex/generic/pgf/basiclayer/pgfcoregraphicst
ate.code.tex
File: pgfcoregraphicstate.code.tex 2023-01-15 v3.1.10 (3.1.10)
\pgflinewidth=\dimen278
)
(/usr/local/texlive/2025/texmf-dist/tex/generic/pgf/basiclayer/pgfcoretransform
ations.code.tex
File: pgfcoretransformations.code.tex 2023-01-15 v3.1.10 (3.1.10)
\pgf@pt@x=\dimen279
\pgf@pt@y=\dimen280
\pgf@pt@temp=\dimen281
)
(/usr/local/texlive/2025/texmf-dist/tex/generic/pgf/basiclayer/pgfcorequick.cod
e.tex
File: pgfcorequick.code.tex 2023-01-15 v3.1.10 (3.1.10)
)
(/usr/local/texlive/2025/texmf-dist/tex/generic/pgf/basiclayer/pgfcoreobjects.c
ode.tex
File: pgfcoreobjects.code.tex 2023-01-15 v3.1.10 (3.1.10)
)
(/usr/local/texlive/2025/texmf-dist/tex/generic/pgf/basiclayer/pgfcorepathproce
ssing.code.tex
File: pgfcorepathprocessing.code.tex 2023-01-15 v3.1.10 (3.1.10)
)
(/usr/local/texlive/2025/texmf-dist/tex/generic/pgf/basiclayer/pgfcorearrows.co
de.tex
File: pgfcorearrows.code.tex 2023-01-15 v3.1.10 (3.1.10)
\pgfarrowsep=\dimen282
)
(/usr/local/texlive/2025/texmf-dist/tex/generic/pgf/basiclayer/pgfcoreshade.cod
e.tex
File: pgfcoreshade.code.tex 2023-01-15 v3.1.10 (3.1.10)
\pgf@max=\dimen283
\pgf@sys@shading@range@num=\count443
\pgf@shadingcount=\count444
)
(/usr/local/texlive/2025/texmf-dist/tex/generic/pgf/basiclayer/pgfcoreimage.cod
e.tex
File: pgfcoreimage.code.tex 2023-01-15 v3.1.10 (3.1.10)
)
(/usr/local/texlive/2025/texmf-dist/tex/generic/pgf/basiclayer/pgfcoreexternal.
code.tex
File: pgfcoreexternal.code.tex 2023-01-15 v3.1.10 (3.1.10)
\pgfexternal@startupbox=\box74
)
(/usr/local/texlive/2025/texmf-dist/tex/generic/pgf/basiclayer/pgfcorelayers.co
de.tex
File: pgfcorelayers.code.tex 2023-01-15 v3.1.10 (3.1.10)
)
(/usr/local/texlive/2025/texmf-dist/tex/generic/pgf/basiclayer/pgfcoretranspare
ncy.code.tex
File: pgfcoretransparency.code.tex 2023-01-15 v3.1.10 (3.1.10)
)
(/usr/local/texlive/2025/texmf-dist/tex/generic/pgf/basiclayer/pgfcorepatterns.
code.tex
File: pgfcorepatterns.code.tex 2023-01-15 v3.1.10 (3.1.10)
)
(/usr/local/texlive/2025/texmf-dist/tex/generic/pgf/basiclayer/pgfcorerdf.code.
tex
File: pgfcorerdf.code.tex 2023-01-15 v3.1.10 (3.1.10)
)))
(/usr/local/texlive/2025/texmf-dist/tex/generic/pgf/modules/pgfmoduleshapes.cod
e.tex
File: pgfmoduleshapes.code.tex 2023-01-15 v3.1.10 (3.1.10)
\pgfnodeparttextbox=\box75
)
(/usr/local/texlive/2025/texmf-dist/tex/latex/l3packages/l3keys2e/l3keys2e.sty
Package: l3keys2e 2024-08-16 LaTeX2e option processing using LaTeX3 keys
)
Package: nicematrix 2025/03/04 v7.1a Enhanced arrays with the help of PGF/TikZ
\g__nicematrix_env_int=\count445
\g__nicematrix_NiceMatrixBlock_int=\count446
\g__nicematrix_notes_caption_int=\count447
\l__nicematrix_columns_width_dim=\dimen284
\l__nicematrix_col_width_dim=\dimen285
\g__nicematrix_row_total_int=\count448
\g__nicematrix_col_total_int=\count449
\g__nicematrix_last_row_node_int=\count450
\l__nicematrix_key_nb_rows_int=\count451
\g__nicematrix_blocks_wd_dim=\dimen286
\g__nicematrix_blocks_ht_dim=\dimen287
\g__nicematrix_blocks_dp_dim=\dimen288
\l__nicematrix_width_dim=\dimen289
\l__nicematrix_tabular_width_dim=\dimen290
\l__nicematrix_rule_width_dim=\dimen291
\l__nicematrix_old_iRow_int=\count452
\l__nicematrix_old_jCol_int=\count453
\g__nicematrix_total_X_weight_int=\count454
\l__nicematrix_X_columns_dim=\dimen292
\l__nicematrix_x_initial_dim=\dimen293
\l__nicematrix_y_initial_dim=\dimen294
\l__nicematrix_x_final_dim=\dimen295
\l__nicematrix_y_final_dim=\dimen296
\l__nicematrix_tmpc_dim=\dimen297
\l__nicematrix_tmpd_dim=\dimen298
\l__nicematrix_tmpe_dim=\dimen299
\l__nicematrix_tmpf_dim=\dimen300
\g__nicematrix_dp_row_zero_dim=\dimen301
\g__nicematrix_ht_row_zero_dim=\dimen302
\g__nicematrix_ht_row_one_dim=\dimen303
\g__nicematrix_dp_ante_last_row_dim=\dimen304
\g__nicematrix_ht_last_row_dim=\dimen305
\g__nicematrix_dp_last_row_dim=\dimen306
\g__nicematrix_width_last_col_dim=\dimen307
\g__nicematrix_width_first_col_dim=\dimen308
\l__nicematrix_row_min_int=\count455
\l__nicematrix_row_max_int=\count456
\l__nicematrix_col_min_int=\count457
\l__nicematrix_col_max_int=\count458
\l__nicematrix_start_int=\count459
\l__nicematrix_end_int=\count460
\l__nicematrix_local_start_int=\count461
\l__nicematrix_local_end_int=\count462
\g__nicematrix_static_num_of_col_int=\count463
\l__nicematrix_rounded_corners_dim=\dimen309
\l__nicematrix_tab_rounded_corners_dim=\dimen310
\l__nicematrix_offset_dim=\dimen311
\l__nicematrix_line_width_dim=\dimen312
\g__nicematrix_block_box_int=\count464
\l__nicematrix_submatrix_extra_height_dim=\dimen313
\l__nicematrix_submatrix_left_xshift_dim=\dimen314
\l__nicematrix_submatrix_right_xshift_dim=\dimen315
\l__nicematrix_first_row_int=\count465
\l__nicematrix_first_col_int=\count466
\l__nicematrix_last_row_int=\count467
\l__nicematrix_last_col_int=\count468
\c@tabularnote=\count469
\g__nicematrix_tabularnote_int=\count470
\c@nicematrix_draft=\count471
\l__nicematrix_cell_space_top_limit_dim=\dimen316
\l__nicematrix_cell_space_bottom_limit_dim=\dimen317
\l__nicematrix_xdots_inter_dim=\dimen318
\l__nicematrix_xdots_shorten_start_dim=\dimen319
\l__nicematrix_xdots_shorten_end_dim=\dimen320
\l__nicematrix_xdots_radius_dim=\dimen321
\l__nicematrix_notes_above_space_dim=\dimen322
\l__nicematrix_left_margin_dim=\dimen323
\l__nicematrix_right_margin_dim=\dimen324
\l__nicematrix_extra_left_margin_dim=\dimen325
\l__nicematrix_extra_right_margin_dim=\dimen326
\c__nicematrix_max_l_dim=\dimen327
\l__nicematrix_position_int=\count472
\l__nicematrix_multiplicity_int=\count473
\l__nicematrix_brace_yshift_dim=\dimen328
) (/usr/local/texlive/2025/texmf-dist/tex/latex/physics/physics.sty
Package: physics 
)
(/usr/local/texlive/2025/texmf-dist/tex/latex/fontsetup/fontsetup.sty
Package: fontsetup 2024/11/01 v2.3.0 For easily using font families with mathem
atics

(/usr/local/texlive/2025/texmf-dist/tex/generic/oberdiek/iflang.sty
Package: iflang 2018/01/21 v1.7 Checks for the current language (HO)
Package iflang Info: Naming convention for patterns: babel.
)
(/usr/local/texlive/2025/texmf-dist/tex/latex/fontspec/fontspec.sty
Package: fontspec 2024/05/11 v2.9e Font selection for XeLaTeX and LuaLaTeX
Lua module: fontspec 2024/05/11 v2.9e Font selection for XeLaTeX and LuaLaTeX
(/usr/local/texlive/2025/texmf-dist/tex/latex/fontspec/fontspec-luatex.sty
Package: fontspec-luatex 2024/05/11 v2.9e Font selection for XeLaTeX and LuaLaT
eX
\l__fontspec_script_int=\count474
\l__fontspec_language_int=\count475
\l__fontspec_strnum_int=\count476
\l__fontspec_tmp_int=\count477
\l__fontspec_tmpa_int=\count478
\l__fontspec_tmpb_int=\count479
\l__fontspec_tmpc_int=\count480
\l__fontspec_em_int=\count481
\l__fontspec_emdef_int=\count482
\l__fontspec_strong_int=\count483
\l__fontspec_strongdef_int=\count484
\l__fontspec_tmpa_dim=\dimen329
\l__fontspec_tmpb_dim=\dimen330
\l__fontspec_tmpc_dim=\dimen331

(/usr/local/texlive/2025/texmf-dist/tex/latex/base/fontenc.sty
Package: fontenc 2021/04/29 v2.0v Standard LaTeX package
)
(/usr/local/texlive/2025/texmf-dist/tex/latex/fontspec/fontspec.cfg)))
(/usr/local/texlive/2025/texmf-dist/tex/latex/unicode-math/unicode-math.sty
Package: unicode-math 2023/08/13 v0.8r Unicode maths in XeLaTeX and LuaLaTeX

(/usr/local/texlive/2025/texmf-dist/tex/latex/unicode-math/unicode-math-luatex.
sty
Package: unicode-math-luatex 2023/08/13 v0.8r Unicode maths in XeLaTeX and LuaL
aTeX
 (/usr/local/texlive/2025/texmf-dist/tex/latex/base/fix-cm.sty
Package: fix-cm 2020/11/24 v1.1t fixes to LaTeX

(/usr/local/texlive/2025/texmf-dist/tex/latex/base/ts1enc.def
File: ts1enc.def 2001/06/05 v3.0e (jk/car/fm) Standard LaTeX file
LaTeX Font Info:    Redeclaring font encoding TS1 on input line 47.
))
(/usr/local/texlive/2025/texmf-dist/tex/lualatex/lualatex-math/lualatex-math.st
y
Package: lualatex-math 2022/01/01 v1.12 Patches for mathematics typesetting wit
h LuaLaTeX
Lua module: lualatex-math 2013/08/03 v1.3 Patches for mathematics typesetting wi
th LuaLaTeX)
\g__um_fam_int=\count485
\g__um_fonts_used_int=\count486
\l__um_primecount_int=\count487
\g__um_primekern_muskip=\muskip25

(/usr/local/texlive/2025/texmf-dist/tex/latex/unicode-math/unicode-math-table.t
ex)))) (/usr/local/texlive/2025/texmf-dist/tex/latex/float/float.sty
Package: float 2001/11/08 v1.3d Float enhancements (AL)
\c@float@type=\count488
\float@exts=\toks43
\float@box=\box76
\@float@everytoks=\toks44
\@floatcapt=\box77
)
(/usr/local/texlive/2025/texmf-dist/tex/latex/caption/subcaption.sty
Package: subcaption 2023/07/28 v1.6b Sub-captions (AR)

(/usr/local/texlive/2025/texmf-dist/tex/latex/caption/caption.sty
Package: caption 2023/08/05 v3.6o Customizing captions (AR)

(/usr/local/texlive/2025/texmf-dist/tex/latex/caption/caption3.sty
Package: caption3 2023/07/31 v2.4d caption3 kernel (AR)
\caption@tempdima=\dimen332
\captionmargin=\dimen333
\caption@leftmargin=\dimen334
\caption@rightmargin=\dimen335
\caption@width=\dimen336
\caption@indent=\dimen337
\caption@parindent=\dimen338
\caption@hangindent=\dimen339
Package caption Info: Standard document class detected.
)
\c@caption@flags=\count489
\c@continuedfloat=\count490
Package caption Info: float package is loaded.
)
Package caption Info: New subtype `subfigure' on input line 238.
\c@subfigure=\count491
Package caption Info: New subtype `subtable' on input line 238.
\c@subtable=\count492
)
(/usr/local/texlive/2025/texmf-dist/tex/latex/subfloat/subfloat.sty
Package: subfloat 2003/08/21 version 2.14

Package `subfloat', Version 2.14 of 2003/08/21.

Package subfloat Warning: Numbers of floats not counted:
(subfloat)                If you use one of the counters subfloatfiguremax or
(subfloat)                subfloattablemax you will get strange error messages
(subfloat)                containing \c@subfloatfiguremax or
(subfloat)                \c@subfloattablemax:
(subfloat)                Please switch on countmax or remove the code using
(subfloat)                the counter then..

) (/usr/local/texlive/2025/texmf-dist/tex/latex/enumitem/enumitem.sty
Package: enumitem 2025/02/06 v3.11 Customized lists
\labelindent=\skip92
\enit@outerparindent=\dimen340
\enit@toks=\toks45
\enit@inbox=\box78
\enit@count@id=\count493
\enitdp@description=\count494
)
(/usr/local/texlive/2025/texmf-dist/tex/latex/fancyhdr/fancyhdr.sty
Package: fancyhdr 2025/02/07 v5.2 Extensive control of page headers and footers

\f@nch@headwidth=\skip93
\f@nch@offset@elh=\skip94
\f@nch@offset@erh=\skip95
\f@nch@offset@olh=\skip96
\f@nch@offset@orh=\skip97
\f@nch@offset@elf=\skip98
\f@nch@offset@erf=\skip99
\f@nch@offset@olf=\skip100
\f@nch@offset@orf=\skip101
\f@nch@height=\skip102
\f@nch@footalignment=\skip103
\f@nch@widthL=\skip104
\f@nch@widthC=\skip105
\f@nch@widthR=\skip106
\@temptokenb=\toks46
)
(/usr/local/texlive/2025/texmf-dist/tex/latex/tools/indentfirst.sty
Package: indentfirst 2023/07/02 v1.03 Indent first paragraph (DPC)
)
(/usr/local/texlive/2025/texmf-dist/tex/latex/graphics/rotating.sty
Package: rotating 2016/08/11 v2.16d rotated objects in LaTeX
\c@r@tfl@t=\count495
\rotFPtop=\skip107
\rotFPbot=\skip108
\rot@float@box=\box79
\rot@mess@toks=\toks47
)
(/usr/local/texlive/2025/texmf-dist/tex/latex/pdflscape/pdflscape.sty
Package: pdflscape 2022-10-27 v0.13 Display of landscape pages in PDF

(/usr/local/texlive/2025/texmf-dist/tex/latex/pdflscape/pdflscape-nometadata.st
y
Package: pdflscape-nometadata 2022-10-28 v0.13 Display of landscape pages in PD
F (HO)
 (/usr/local/texlive/2025/texmf-dist/tex/latex/graphics/lscape.sty
Package: lscape 2020/05/28 v3.02 Landscape Pages (DPC)
)
Package pdflscape Info: Auto-detected driver: pdftex on input line 81.
))
(/usr/local/texlive/2025/texmf-dist/tex/latex/xcolor-material/xcolor-material.s
ty
Package: xcolor-material 2016/10/11 v0.1 A package for accessing Google Materia
l colors using the xcolor package
) (/usr/local/texlive/2025/texmf-dist/tex/latex/pgf/frontendlayer/tikz.sty
(/usr/local/texlive/2025/texmf-dist/tex/latex/pgf/basiclayer/pgf.sty
Package: pgf 2023-01-15 v3.1.10 (3.1.10)

(/usr/local/texlive/2025/texmf-dist/tex/generic/pgf/modules/pgfmoduleplot.code.
tex
File: pgfmoduleplot.code.tex 2023-01-15 v3.1.10 (3.1.10)
)
(/usr/local/texlive/2025/texmf-dist/tex/latex/pgf/compatibility/pgfcomp-version
-0-65.sty
Package: pgfcomp-version-0-65 2023-01-15 v3.1.10 (3.1.10)
\pgf@nodesepstart=\dimen341
\pgf@nodesepend=\dimen342
)
(/usr/local/texlive/2025/texmf-dist/tex/latex/pgf/compatibility/pgfcomp-version
-1-18.sty
Package: pgfcomp-version-1-18 2023-01-15 v3.1.10 (3.1.10)
))
(/usr/local/texlive/2025/texmf-dist/tex/latex/pgf/utilities/pgffor.sty
(/usr/local/texlive/2025/texmf-dist/tex/latex/pgf/utilities/pgfkeys.sty
(/usr/local/texlive/2025/texmf-dist/tex/generic/pgf/utilities/pgfkeys.code.tex))
 (/usr/local/texlive/2025/texmf-dist/tex/latex/pgf/math/pgfmath.sty
(/usr/local/texlive/2025/texmf-dist/tex/generic/pgf/math/pgfmath.code.tex))
(/usr/local/texlive/2025/texmf-dist/tex/generic/pgf/utilities/pgffor.code.tex
Package: pgffor 2023-01-15 v3.1.10 (3.1.10)
\pgffor@iter=\dimen343
\pgffor@skip=\dimen344
\pgffor@stack=\toks48
\pgffor@toks=\toks49
))
(/usr/local/texlive/2025/texmf-dist/tex/generic/pgf/frontendlayer/tikz/tikz.cod
e.tex
Package: tikz 2023-01-15 v3.1.10 (3.1.10)

(/usr/local/texlive/2025/texmf-dist/tex/generic/pgf/libraries/pgflibraryplothan
dlers.code.tex
File: pgflibraryplothandlers.code.tex 2023-01-15 v3.1.10 (3.1.10)
\pgf@plot@mark@count=\count496
\pgfplotmarksize=\dimen345
)
\tikz@lastx=\dimen346
\tikz@lasty=\dimen347
\tikz@lastxsaved=\dimen348
\tikz@lastysaved=\dimen349
\tikz@lastmovetox=\dimen350
\tikz@lastmovetoy=\dimen351
\tikzleveldistance=\dimen352
\tikzsiblingdistance=\dimen353
\tikz@figbox=\box80
\tikz@figbox@bg=\box81
\tikz@tempbox=\box82
\tikz@tempbox@bg=\box83
\tikztreelevel=\count497
\tikznumberofchildren=\count498
\tikznumberofcurrentchild=\count499
\tikz@fig@count=\count500

(/usr/local/texlive/2025/texmf-dist/tex/generic/pgf/modules/pgfmodulematrix.cod
e.tex
File: pgfmodulematrix.code.tex 2023-01-15 v3.1.10 (3.1.10)
\pgfmatrixcurrentrow=\count501
\pgfmatrixcurrentcolumn=\count502
\pgf@matrix@numberofcolumns=\count503
)
\tikz@expandcount=\count504

(/usr/local/texlive/2025/texmf-dist/tex/generic/pgf/frontendlayer/tikz/librarie
s/tikzlibrarytopaths.code.tex
File: tikzlibrarytopaths.code.tex 2023-01-15 v3.1.10 (3.1.10)
)))
(/usr/local/texlive/2025/texmf-dist/tex/latex/circuitikz/circuitikz.sty
Package: circuitikz 2025/01/10{} The CircuiTikz circuit drawing package version
 1.7.1

(/usr/local/texlive/2025/texmf-dist/tex/generic/pgf/frontendlayer/tikz/librarie
s/tikzlibrarycalc.code.tex
File: tikzlibrarycalc.code.tex 2023-01-15 v3.1.10 (3.1.10)
)
(/usr/local/texlive/2025/texmf-dist/tex/generic/pgf/libraries/pgflibraryarrows.
meta.code.tex
File: pgflibraryarrows.meta.code.tex 2023-01-15 v3.1.10 (3.1.10)
\pgfarrowinset=\dimen354
\pgfarrowlength=\dimen355
\pgfarrowwidth=\dimen356
\pgfarrowlinewidth=\dimen357
)
(/usr/local/texlive/2025/texmf-dist/tex/generic/pgf/frontendlayer/tikz/librarie
s/tikzlibrarybending.code.tex
File: tikzlibrarybending.code.tex 2023-01-15 v3.1.10 (3.1.10)

(/usr/local/texlive/2025/texmf-dist/tex/generic/pgf/modules/pgfmodulebending.co
de.tex
File: pgfmodulebending.code.tex 2023-01-15 v3.1.10 (3.1.10)

(/usr/local/texlive/2025/texmf-dist/tex/generic/pgf/modules/pgfmodulenonlineart
ransformations.code.tex
File: pgfmodulenonlineartransformations.code.tex 2023-01-15 v3.1.10 (3.1.10)
\pgftransformnonlinearflatness=\dimen358
)
(/usr/local/texlive/2025/texmf-dist/tex/generic/pgf/libraries/pgflibrarycurvili
near.code.tex
File: pgflibrarycurvilinear.code.tex 2023-01-15 v3.1.10 (3.1.10)
\pgf@curvilinear@time@a=\dimen359
\pgf@curvilinear@length@a=\dimen360
\pgf@curvilinear@length@b=\dimen361
\pgf@curvilinear@length@c=\dimen362
\pgf@curvilinear@length@d=\dimen363
)
\pgf@arrows@the@rigidity=\dimen364
))
(/usr/local/texlive/2025/texmf-dist/tex/generic/pgf/frontendlayer/tikz/librarie
s/tikzlibraryfpu.code.tex
(/usr/local/texlive/2025/texmf-dist/tex/generic/pgf/libraries/pgflibraryfpu.cod
e.tex))
(/usr/local/texlive/2025/texmf-dist/tex/generic/circuitikz/pgfcirc.defines.tex
\pgf@circ@count@a=\count505
\pgf@circ@count@b=\count506
\pgf@circ@count@c=\count507
\pgf@circ@res@up=\dimen365
\pgf@circ@res@down=\dimen366
\pgf@circ@res@zero=\dimen367
\pgf@circ@res@left=\dimen368
\pgf@circ@res@right=\dimen369
\pgf@circ@res@other=\dimen370
\pgf@circ@res@step=\dimen371
\pgf@circ@res@temp=\dimen372
\pgf@circ@Rlen=\dimen373
\pgf@circ@scaled@Rlen=\dimen374
\pgfstartlinewidth=\dimen375
) (/usr/local/texlive/2025/texmf-dist/tex/generic/circuitikz/pgfcircutils.tex
\ctikz@scratchbox=\box84
)
(/usr/local/texlive/2025/texmf-dist/tex/generic/circuitikz/pgfcircpath.tex)
(/usr/local/texlive/2025/texmf-dist/tex/generic/circuitikz/pgfcircshapes.tex)
(/usr/local/texlive/2025/texmf-dist/tex/generic/circuitikz/pgfcircmonopoles.tex
) (/usr/local/texlive/2025/texmf-dist/tex/generic/circuitikz/pgfcircbipoles.tex
)
(/usr/local/texlive/2025/texmf-dist/tex/generic/circuitikz/pgfcirctripoles.tex
\pgf@circ@res@count=\count508
)
(/usr/local/texlive/2025/texmf-dist/tex/generic/circuitikz/pgfcircquadpoles.tex
)
(/usr/local/texlive/2025/texmf-dist/tex/generic/circuitikz/pgfcircmultipoles.te
x) (/usr/local/texlive/2025/texmf-dist/tex/generic/circuitikz/pgfcirclabel.tex) (/usr/local/texlive/2025/texmf-dist/tex/generic/circuitikz/pgfcircvoltage.tex
\pgfcirc@labelshift=\dimen376
) (/usr/local/texlive/2025/texmf-dist/tex/generic/circuitikz/pgfcirccurrent.tex
) (/usr/local/texlive/2025/texmf-dist/tex/generic/circuitikz/pgfcircflow.tex))
(/usr/local/texlive/2025/texmf-dist/tex/latex/ctable/ctable.sty
Package: ctable 2015/10/17 v1.31 ctable package for flexible typesetting of tab
le and figure floats using key/value directives

(/usr/local/texlive/2025/texmf-dist/tex/generic/iftex/ifpdf.sty
Package: ifpdf 2019/10/25 v3.4 ifpdf legacy package. Use iftex instead.
)
(/usr/local/texlive/2025/texmf-dist/tex/latex/xkeyval/xkeyval.sty
Package: xkeyval 2022/06/16 v2.9 package option processing (HA)

(/usr/local/texlive/2025/texmf-dist/tex/generic/xkeyval/xkeyval.tex
(/usr/local/texlive/2025/texmf-dist/tex/generic/xkeyval/xkvutils.tex
\XKV@toks=\toks50
\XKV@tempa@toks=\toks51
)
\XKV@depth=\count509
File: xkeyval.tex 2014/12/03 v2.7a key=value parser (HA)
))
(/usr/local/texlive/2025/texmf-dist/tex/latex/tools/tabularx.sty
Package: tabularx 2023/12/11 v2.12a `tabularx' package (DPC)
\TX@col@width=\dimen377
\TX@old@table=\dimen378
\TX@old@col=\dimen379
\TX@target=\dimen380
\TX@delta=\dimen381
\TX@cols=\count510
\TX@ftn=\toks52
)
(/usr/local/texlive/2025/texmf-dist/tex/latex/booktabs/booktabs.sty
Package: booktabs 2020/01/12 v1.61803398 Publication quality tables
\heavyrulewidth=\dimen382
\lightrulewidth=\dimen383
\cmidrulewidth=\dimen384
\belowrulesep=\dimen385
\belowbottomsep=\dimen386
\aboverulesep=\dimen387
\abovetopsep=\dimen388
\cmidrulesep=\dimen389
\cmidrulekern=\dimen390
\defaultaddspace=\dimen391
\@cmidla=\count511
\@cmidlb=\count512
\@aboverulesep=\dimen392
\@belowrulesep=\dimen393
\@thisruleclass=\count513
\@lastruleclass=\count514
\@thisrulewidth=\dimen394
)

Package ctable Warning:  Transparency disabled: incompatible with tikz package 
 on input line 36.

\@CTframesep=\dimen395
\@dfltCTframesep=\dimen396
\@CTframerule=\dimen397
\@dfltCTframerule=\dimen398
\@CTwidth=\dimen399
\@dfltCTwidth=\dimen400
\@CTcaptionskip=\dimen401
\@dfltCTcaptionskip=\dimen402
\@CTmaxwidth=\dimen403
\@dfltCTmaxwidth=\dimen404
\@CTmincapwidth=\dimen405
\@dfltCTmincapwidth=\dimen406
\@CTfooterwidth=\dimen407
\@dfltCTfooterwidth=\dimen408
\@CTw=\dimen409
\@CTfloatwidth=\dimen410
\@CToldsep=\dimen411
\@CToldrule=\dimen412
\CT@t=\box85
\@CTcurftwidth=\dimen413
)
(/usr/local/texlive/2025/texmf-dist/tex/generic/pgf/frontendlayer/tikz/librarie
s/tikzlibrarypositioning.code.tex
File: tikzlibrarypositioning.code.tex 2023-01-15 v3.1.10 (3.1.10)
)
(/usr/local/texlive/2025/texmf-dist/tex/latex/hyperref/hyperref.sty
Package: hyperref 2024-11-05 v7.01l Hypertext links for LaTeX

(/usr/local/texlive/2025/texmf-dist/tex/generic/kvdefinekeys/kvdefinekeys.sty
Package: kvdefinekeys 2019-12-19 v1.6 Define keys (HO)
)
(/usr/local/texlive/2025/texmf-dist/tex/generic/pdfescape/pdfescape.sty
Package: pdfescape 2019/12/09 v1.15 Implements pdfTeX's escape features (HO)
)
(/usr/local/texlive/2025/texmf-dist/tex/latex/hycolor/hycolor.sty
Package: hycolor 2020-01-27 v1.10 Color options for hyperref/bookmark (HO)
)
(/usr/local/texlive/2025/texmf-dist/tex/latex/hyperref/nameref.sty
Package: nameref 2023-11-26 v2.56 Cross-referencing by name of section

(/usr/local/texlive/2025/texmf-dist/tex/latex/refcount/refcount.sty
Package: refcount 2019/12/15 v3.6 Data extraction from label references (HO)
)
(/usr/local/texlive/2025/texmf-dist/tex/generic/gettitlestring/gettitlestring.s
ty
Package: gettitlestring 2019/12/15 v1.6 Cleanup title references (HO)
)
\c@section@level=\count515
) (/usr/local/texlive/2025/texmf-dist/tex/generic/stringenc/stringenc.sty
Package: stringenc 2019/11/29 v1.12 Convert strings between diff. encodings (HO
)
)
\@linkdim=\dimen414
\Hy@linkcounter=\count516
\Hy@pagecounter=\count517

(/usr/local/texlive/2025/texmf-dist/tex/latex/hyperref/pd1enc.def
File: pd1enc.def 2024-11-05 v7.01l Hyperref: PDFDocEncoding definition (HO)
)
(/usr/local/texlive/2025/texmf-dist/tex/generic/intcalc/intcalc.sty
Package: intcalc 2019/12/15 v1.3 Expandable calculations with integers (HO)
)
\Hy@SavedSpaceFactor=\count518

(/usr/local/texlive/2025/texmf-dist/tex/latex/hyperref/puenc.def
File: puenc.def 2024-11-05 v7.01l Hyperref: PDF Unicode definition (HO)

(/usr/local/texlive/2025/texmf-dist/tex/latex/greek-fontenc/puenc-greek.def
File: puenc-greek.def 2023-09-12 2.5 Greek LICRs for PDF strings

(/usr/local/texlive/2025/texmf-dist/tex/latex/greek-fontenc/greek-fontenc.def
File: greek-fontenc.def 2023-09-12 2.5 Common Greek font encoding definitions
)))
Package hyperref Info: Hyper figures OFF on input line 4157.
Package hyperref Info: Link nesting OFF on input line 4162.
Package hyperref Info: Hyper index ON on input line 4165.
Package hyperref Info: Plain pages OFF on input line 4172.
Package hyperref Info: Backreferencing OFF on input line 4177.
Package hyperref Info: Implicit mode ON; LaTeX internals redefined.
Package hyperref Info: Bookmarks ON on input line 4424.
\c@Hy@tempcnt=\count519
LaTeX Info: Redefining \url on input line 4763.
\XeTeXLinkMargin=\dimen415
 (/usr/local/texlive/2025/texmf-dist/tex/generic/bitset/bitset.sty
Package: bitset 2019/12/09 v1.3 Handle bit-vector datatype (HO)

(/usr/local/texlive/2025/texmf-dist/tex/generic/bigintcalc/bigintcalc.sty
Package: bigintcalc 2019/12/15 v1.5 Expandable calculations on big integers (HO
)
))
\Fld@menulength=\count520
\Field@Width=\dimen416
\Fld@charsize=\dimen417
Package hyperref Info: Hyper figures OFF on input line 6042.
Package hyperref Info: Link nesting OFF on input line 6047.
Package hyperref Info: Hyper index ON on input line 6050.
Package hyperref Info: backreferencing OFF on input line 6057.
Package hyperref Info: Link coloring OFF on input line 6062.
Package hyperref Info: Link coloring with OCG OFF on input line 6067.
Package hyperref Info: PDF/A mode OFF on input line 6072.

(/usr/local/texlive/2025/texmf-dist/tex/latex/base/atbegshi-ltx.sty
Package: atbegshi-ltx 2021/01/10 v1.0c Emulation of the original atbegshi
package with kernel methods
)
\Hy@abspage=\count521
\c@Item=\count522
\c@Hfootnote=\count523
)
Package hyperref Info: Driver: hluatex.

(/usr/local/texlive/2025/texmf-dist/tex/latex/hyperref/hluatex.def
File: hluatex.def 2024-11-05 v7.01l Hyperref driver for luaTeX

(/usr/local/texlive/2025/texmf-dist/tex/latex/base/atveryend-ltx.sty
Package: atveryend-ltx 2020/08/19 v1.0a Emulation of the original atveryend pac
kage
with kernel methods
)
\Fld@listcount=\count524
\c@bookmark@seq@number=\count525

(/usr/local/texlive/2025/texmf-dist/tex/latex/rerunfilecheck/rerunfilecheck.sty
Package: rerunfilecheck 2022-07-10 v1.10 Rerun checks for auxiliary files (HO)

(/usr/local/texlive/2025/texmf-dist/tex/generic/uniquecounter/uniquecounter.sty
Package: uniquecounter 2019/12/15 v1.4 Provide unlimited unique counter (HO)
)
Package uniquecounter Info: New unique counter `rerunfilecheck' on input line 2
85.
)
\Hy@SectionHShift=\skip109
)

Package fancyhdr Warning: \fancyfoot's `E' option without twoside option is use
less.
(fancyhdr)                Please consider using the `twoside' option on input l
ine 41.


Package fancyhdr Warning: \fancyfoot's `E' option without twoside option is use
less.
(fancyhdr)                Please consider using the `twoside' option on input l
ine 41.

)

Package biblatex Warning: 'babel/polyglossia' detected but 'csquotes' missing.
(biblatex)                Loading 'csquotes' recommended.

\@quotelevel=\count526
\@quotereset=\count527
(./main.aux
(/usr/local/texlive/2025/texmf-dist/tex/generic/hyph-utf8/loadhyph/loadhyph-el-
monoton.tex UTF-8 Hyphenation patterns for uni-accent (monotonic) Modern Greek
(/usr/local/texlive/2025/texmf-dist/tex/generic/hyph-utf8/patterns/tex/hyph-el-
monoton.tex)))
\openout1 = main.aux

LaTeX Font Info:    Checking defaults for OML/cmm/m/it on input line 3.
LaTeX Font Info:    ... okay on input line 3.
LaTeX Font Info:    Checking defaults for OMS/cmsy/m/n on input line 3.
LaTeX Font Info:    ... okay on input line 3.
LaTeX Font Info:    Checking defaults for OT1/cmr/m/n on input line 3.
LaTeX Font Info:    ... okay on input line 3.
LaTeX Font Info:    Checking defaults for T1/cmr/m/n on input line 3.
LaTeX Font Info:    ... okay on input line 3.
LaTeX Font Info:    Checking defaults for TS1/cmr/m/n on input line 3.
LaTeX Font Info:    ... okay on input line 3.
LaTeX Font Info:    Checking defaults for TU/lmr/m/n on input line 3.
LaTeX Font Info:    ... okay on input line 3.
LaTeX Font Info:    Checking defaults for OMX/cmex/m/n on input line 3.
LaTeX Font Info:    ... okay on input line 3.
LaTeX Font Info:    Checking defaults for U/cmr/m/n on input line 3.
LaTeX Font Info:    ... okay on input line 3.
LaTeX Font Info:    Checking defaults for PD1/pdf/m/n on input line 3.
LaTeX Font Info:    ... okay on input line 3.
LaTeX Font Info:    Checking defaults for PU/pdf/m/n on input line 3.
LaTeX Font Info:    ... okay on input line 3.

*geometry* driver: auto-detecting
*geometry* detected driver: luatex
*geometry* verbose mode - [ preamble ] result:
* driver: luatex
* paper: a4paper
* layout: <same size as paper>
* layoutoffset:(h,v)=(0.0pt,0.0pt)
* modes: includehead includefoot 
* h-part:(L,W,R)=(99.58464pt, 398.33858pt, 99.58466pt)
* v-part:(T,H,B)=(56.9055pt, 717.00946pt, 71.13188pt)
* \paperwidth=597.50787pt
* \paperheight=845.04684pt
* \textwidth=398.33858pt
* \textheight=650.00946pt
* \oddsidemargin=27.31465pt
* \evensidemargin=27.31465pt
* \topmargin=-15.36449pt
* \headheight=12.0pt
* \headsep=25.0pt
* \topskip=10.0pt
* \footskip=30.0pt
* \marginparwidth=57.0pt
* \marginparsep=11.0pt
* \columnsep=10.0pt
* \skip\footins=9.0pt plus 4.0pt minus 2.0pt
* \hoffset=0.0pt
* \voffset=0.0pt
* \mag=1000
* \@twocolumnfalse
* \@twosidefalse
* \@mparswitchfalse
* \@reversemarginfalse
* (1in=72.27pt=25.4mm, 1cm=28.453pt)

Package biblatex Info: Trying to load language 'greek'...
Package biblatex Info: ... file 'greek.lbx' found.
(/usr/local/texlive/2025/texmf-dist/tex/latex/biblatex/lbx/greek.lbx
File: greek.lbx 2024/03/21 v3.20 biblatex localization (PK/MW)
)
Package biblatex Info: Trying to load language 'english'...
Package biblatex Info: ... file 'english.lbx' found.

(/usr/local/texlive/2025/texmf-dist/tex/latex/biblatex/lbx/english.lbx
File: english.lbx 2024/03/21 v3.20 biblatex localization (PK/MW)
)
Package biblatex Info: LuaTeX detected.
(biblatex)             Assuming input encoding 'utf8'.
Package biblatex Info: Data encoding 'utf8' specified.
(biblatex)             No need to reencode data.

\openout3 = main.bcf
Package biblatex Info: Trying to load bibliographic data...
Package biblatex Info: ... file 'main.bbl' not found.

No file main.bbl.
Package biblatex Info: Reference section=0 on input line 3.
Package biblatex Info: Reference segment=0 on input line 3.
(/usr/local/texlive/2025/texmf-dist/tex/context/base/mkii/supp-pdf.mkii
[Loading MPS to PDF converter (version 2006.09.02).]
\scratchcounter=\count528
\scratchdimen=\dimen418
\scratchbox=\box86
\nofMPsegments=\count529
\nofMParguments=\count530
\everyMPshowfont=\toks53
\MPscratchCnt=\count531
\MPscratchDim=\dimen419
\MPnumerator=\count532
\makeMPintoPDFobject=\count533
\everyMPtoPDFconversion=\toks54
) (/usr/local/texlive/2025/texmf-dist/tex/latex/epstopdf-pkg/epstopdf-base.sty
Package: epstopdf-base 2020-01-24 v2.11 Base part for package epstopdf
Package epstopdf-base Info: Redefining graphics rule for `.eps' on input line 4
85.

(/usr/local/texlive/2025/texmf-dist/tex/latex/latexconfig/epstopdf-sys.cfg
File: epstopdf-sys.cfg 2010/07/13 v1.3 Configuration of (r)epstopdf for TeX Liv
e
))
Package translations Info: no dictionary file `translations-basic-dictionary-gr
eek.trsl' found. on input line 3.

(/usr/local/texlive/2025/texmf-dist/tex/latex/translations/translations-basic-d
ictionary-english.trsl
File: translations-basic-dictionary-english.trsl (english translation file `tra
nslations-basic-dictionary')
)
Package translations Info: loading dictionary `translations-basic-dictionary' f
or `english'. on input line 3.
\c__nicematrix_shift_Ldots_last_row_dim=\dimen420
\c__nicematrix_shift_exterior_Vdots_dim=\dimen421
\c__nicematrix_innersep_middle_dim=\dimen422
\c@tabularnotesi=\count534
\enitdp@tabularnotes=\count535
\c@tabularnotes*i=\count536
\enitdp@tabularnotes*=\count537
LaTeX Font Info:    Overwriting math alphabet `\mathrm' in version `normal'
(Font)                  OT1/cmr/m/n --> TU/lmr/m/n on input line 3.
LaTeX Font Info:    Overwriting math alphabet `\mathit' in version `normal'
(Font)                  OT1/cmr/m/it --> TU/lmr/m/it on input line 3.
LaTeX Font Info:    Overwriting math alphabet `\mathbf' in version `normal'
(Font)                  OT1/cmr/bx/n --> TU/lmr/bx/n on input line 3.
LaTeX Font Info:    Overwriting math alphabet `\mathsf' in version `normal'
(Font)                  OT1/cmss/m/n --> TU/lmss/m/n on input line 3.
LaTeX Font Info:    Overwriting math alphabet `\mathsf' in version `bold'
(Font)                  OT1/cmss/bx/n --> TU/lmss/bx/n on input line 3.
LaTeX Font Info:    Overwriting math alphabet `\mathtt' in version `normal'
(Font)                  OT1/cmtt/m/n --> TU/lmtt/m/n on input line 3.
LaTeX Font Info:    Overwriting math alphabet `\mathtt' in version `bold'
(Font)                  OT1/cmtt/m/n --> TU/lmtt/bx/n on input line 3.

Package fontspec Info: 
(fontspec)             Font family 'latinmodern-math.otf(0)' created for font
(fontspec)             'latinmodern-math.otf' with options
(fontspec)             [Renderer=Basic,BoldItalicFont={},ItalicFont={},SmallCap
sFont={},Script=Math,RawFeature={mathfontdimen=xetex},BoldFont={latinmodern-mat
h.otf}].
(fontspec)              
(fontspec)              This font family consists of the following NFSS
(fontspec)             series/shapes:
(fontspec)              
(fontspec)             - 'normal' (m/n) with NFSS spec.:
(fontspec)             <->"[latinmodern-math.otf]:mode=base;script=math;languag
e=dflt;mathfontdimen=xetex;"
(fontspec)             - 'bold' (b/n) with NFSS spec.:
(fontspec)             <->"[latinmodern-math.otf]:mode=base;script=math;languag
e=dflt;mathfontdimen=xetex;"


Package fontspec Info: 
(fontspec)             Font family 'latinmodern-math.otf(1)' created for font
(fontspec)             'latinmodern-math.otf' with options
(fontspec)             [Renderer=Basic,BoldItalicFont={},ItalicFont={},SmallCap
sFont={},Script=Math,SizeFeatures={{Size=8.5-},{Size=6-8.5,Font=latinmodern-mat
h.otf,Style=MathScript},{Size=-6,Font=latinmodern-math.otf,Style=MathScriptScri
pt}},RawFeature={mathfontdimen=xetex},BoldFont={latinmodern-math.otf}].
(fontspec)              
(fontspec)              This font family consists of the following NFSS
(fontspec)             series/shapes:
(fontspec)              
(fontspec)             - 'normal' (m/n) with NFSS spec.:
(fontspec)             <8.5->"[latinmodern-math.otf]:mode=base;script=math;lang
uage=dflt;mathfontdimen=xetex;"<6-8.5>"[latinmodern-math.otf]:mode=base;script=
math;language=dflt;mathfontdimen=xetex;+ssty=0;"<-6>"[latinmodern-math.otf]:mod
e=base;script=math;language=dflt;mathfontdimen=xetex;+ssty=1;"
(fontspec)             - 'bold' (b/n) with NFSS spec.:
(fontspec)             <->"[latinmodern-math.otf]:mode=base;script=math;languag
e=dflt;mathfontdimen=xetex;"

LaTeX Font Info:    Encoding `OT1' has changed to `TU' for symbol font
(Font)              `operators' in the math version `normal' on input line 3.
LaTeX Font Info:    Overwriting symbol font `operators' in version `normal'
(Font)                  OT1/cmr/m/n --> TU/latinmodern-math.otf(1)/m/n on input
 line 3.
LaTeX Font Info:    Encoding `OT1' has changed to `TU' for symbol font
(Font)              `operators' in the math version `bold' on input line 3.
LaTeX Font Info:    Overwriting symbol font `operators' in version `bold'
(Font)                  OT1/cmr/bx/n --> TU/latinmodern-math.otf(1)/b/n on inpu
t line 3.

Package fontspec Info: 
(fontspec)             Font family 'latinmodern-math.otf(2)' created for font
(fontspec)             'latinmodern-math.otf' with options
(fontspec)             [Renderer=Basic,BoldItalicFont={},ItalicFont={},SmallCap
sFont={},Script=Math,SizeFeatures={{Size=8.5-},{Size=6-8.5,Font=latinmodern-mat
h.otf,Style=MathScript},{Size=-6,Font=latinmodern-math.otf,Style=MathScriptScri
pt}},RawFeature={mathfontdimen=xetex},BoldFont={latinmodern-math.otf},RawFeatur
e={mathfontdimen=tex2}].
(fontspec)              
(fontspec)              This font family consists of the following NFSS
(fontspec)             series/shapes:
(fontspec)              
(fontspec)             - 'normal' (m/n) with NFSS spec.:
(fontspec)             <8.5->"[latinmodern-math.otf]:mode=base;script=math;lang
uage=dflt;mathfontdimen=xetex;mathfontdimen=tex2;"<6-8.5>"[latinmodern-math.otf
]:mode=base;script=math;language=dflt;mathfontdimen=xetex;mathfontdimen=tex2;+s
sty=0;"<-6>"[latinmodern-math.otf]:mode=base;script=math;language=dflt;mathfont
dimen=xetex;mathfontdimen=tex2;+ssty=1;"
(fontspec)             - 'bold' (b/n) with NFSS spec.:
(fontspec)             <->"[latinmodern-math.otf]:mode=base;script=math;languag
e=dflt;mathfontdimen=xetex;mathfontdimen=tex2;"

LaTeX Font Info:    Encoding `OMS' has changed to `TU' for symbol font
(Font)              `symbols' in the math version `normal' on input line 3.
LaTeX Font Info:    Overwriting symbol font `symbols' in version `normal'
(Font)                  OMS/cmsy/m/n --> TU/latinmodern-math.otf(2)/m/n on inpu
t line 3.
LaTeX Font Info:    Encoding `OMS' has changed to `TU' for symbol font
(Font)              `symbols' in the math version `bold' on input line 3.
LaTeX Font Info:    Overwriting symbol font `symbols' in version `bold'
(Font)                  OMS/cmsy/b/n --> TU/latinmodern-math.otf(2)/b/n on inpu
t line 3.

Package fontspec Info: 
(fontspec)             Font family 'latinmodern-math.otf(3)' created for font
(fontspec)             'latinmodern-math.otf' with options
(fontspec)             [Renderer=Basic,BoldItalicFont={},ItalicFont={},SmallCap
sFont={},Script=Math,SizeFeatures={{Size=8.5-},{Size=6-8.5,Font=latinmodern-mat
h.otf,Style=MathScript},{Size=-6,Font=latinmodern-math.otf,Style=MathScriptScri
pt}},RawFeature={mathfontdimen=xetex},BoldFont={latinmodern-math.otf},RawFeatur
e={mathfontdimen=tex3}].
(fontspec)              
(fontspec)              This font family consists of the following NFSS
(fontspec)             series/shapes:
(fontspec)              
(fontspec)             - 'normal' (m/n) with NFSS spec.:
(fontspec)             <8.5->"[latinmodern-math.otf]:mode=base;script=math;lang
uage=dflt;mathfontdimen=xetex;mathfontdimen=tex3;"<6-8.5>"[latinmodern-math.otf
]:mode=base;script=math;language=dflt;mathfontdimen=xetex;mathfontdimen=tex3;+s
sty=0;"<-6>"[latinmodern-math.otf]:mode=base;script=math;language=dflt;mathfont
dimen=xetex;mathfontdimen=tex3;+ssty=1;"
(fontspec)             - 'bold' (b/n) with NFSS spec.:
(fontspec)             <->"[latinmodern-math.otf]:mode=base;script=math;languag
e=dflt;mathfontdimen=xetex;mathfontdimen=tex3;"

LaTeX Font Info:    Encoding `OMX' has changed to `TU' for symbol font
(Font)              `largesymbols' in the math version `normal' on input line 3
.
LaTeX Font Info:    Overwriting symbol font `largesymbols' in version `normal'
(Font)                  OMX/cmex/m/n --> TU/latinmodern-math.otf(3)/m/n on inpu
t line 3.
LaTeX Font Info:    Encoding `OMX' has changed to `TU' for symbol font
(Font)              `largesymbols' in the math version `bold' on input line 3.
LaTeX Font Info:    Overwriting symbol font `largesymbols' in version `bold'
(Font)                  OMX/cmex/m/n --> TU/latinmodern-math.otf(3)/b/n on inpu
t line 3.
LaTeX Font Info:    Trying to load font information for U+msa on input line 3.

(/usr/local/texlive/2025/texmf-dist/tex/latex/amsfonts/umsa.fd
File: umsa.fd 2013/01/14 v3.01 AMS symbols A
)
LaTeX Font Info:    Trying to load font information for U+msb on input line 3.

(/usr/local/texlive/2025/texmf-dist/tex/latex/amsfonts/umsb.fd
File: umsb.fd 2013/01/14 v3.01 AMS symbols B
)
LaTeX Font Info:    Trying to load font information for U+stmry on input line 3
.

(/usr/local/texlive/2025/texmf-dist/tex/latex/stmaryrd/Ustmry.fd)

Package unicode-math Warning: Using \overbracket and \underbracket from
(unicode-math)                `mathtools' package.
(unicode-math)                 
(unicode-math)                 Use \Uoverbracket and \Uunderbracket for
(unicode-math)                original `unicode-math' definition.


Package unicode-math Warning: I'm going to overwrite the following commands
(unicode-math)                from the `mathtools' package: 
(unicode-math)                 
(unicode-math)                     \dblcolon, \coloneqq, \Coloneqq, \eqqcolon.
(unicode-math)                
(unicode-math)                 
(unicode-math)                 Note that since I won't overwrite the other
(unicode-math)                colon-like commands, using them will lead to
(unicode-math)                inconsistencies.


(/usr/local/texlive/2025/texmf-dist/tex/latex/libertinus-otf/libertinus-otf.sty
Package: libertinus-otf 2023/09/21 v. 0.32 (Herbert Voss) Supports libertinus f
onts for lualatex and xelatex.
(/usr/local/texlive/2025/texmf-dist/tex/generic/iftex/ifxetex.sty
Package: ifxetex 2019/10/25 v0.7 ifxetex legacy package. Use iftex instead.
)
(/usr/local/texlive/2025/texmf-dist/tex/generic/iftex/ifluatex.sty
Package: ifluatex 2019/10/25 v1.5 ifluatex legacy package. Use iftex instead.
)
(/usr/local/texlive/2025/texmf-dist/tex/latex/base/textcomp.sty
Package: textcomp 2024/04/24 v2.1b Standard LaTeX package
)

Package fontspec Info: 
(fontspec)             LibertinusSerif-Regular scale = 1.


Package fontspec Info: 
(fontspec)             LibertinusSerif-Regular scale = 1.


Package fontspec Info: 
(fontspec)             LibertinusSerif-Regular scale = 1.


Package fontspec Info: 
(fontspec)             LibertinusSerif-Bold scale = 1.


Package fontspec Info: 
(fontspec)             LibertinusSerif-Bold scale = 1.


Package fontspec Info: 
(fontspec)             LibertinusSerif-Italic scale = 1.


Package fontspec Info: 
(fontspec)             LibertinusSerif-Italic scale = 1.


Package fontspec Info: 
(fontspec)             LibertinusSerif-Regular scale = 1.


Package fontspec Info: 
(fontspec)             LibertinusSerif-Regular scale = 1.


Package fontspec Info: 
(fontspec)             LibertinusSerif-BoldItalic scale = 1.


Package fontspec Info: 
(fontspec)             LibertinusSerif-BoldItalic scale = 1.


Package fontspec Info: 
(fontspec)             LibertinusSerif-Bold scale = 1.


Package fontspec Info: 
(fontspec)             LibertinusSerif-Bold scale = 1.


Package fontspec Info: 
(fontspec)             Font family 'LibertinusSerif(0)' created for font
(fontspec)             'LibertinusSerif' with options [Ligatures =
(fontspec)             TeX,SmallCapsFeatures={Letters=SmallCaps},RawFeature={+h
v-kern},RawFeature
(fontspec)             = {+tnum;+lnum},Scale = 1,UprightFont =
(fontspec)             *-Regular,ItalicFont = *-Italic,ItalicFeatures = {
(fontspec)             SmallCapsFont = *-Italic },SlantedFont =
(fontspec)             *-Regular,SlantedFeatures= {FakeSlant=0.2},BoldFont =
(fontspec)             *-Bold,BoldFeatures = { SmallCapsFont =
(fontspec)             *-Bold},BoldItalicFont =
(fontspec)             *-BoldItalic,BoldItalicFeatures = { SmallCapsFont =
(fontspec)             *-BoldItalic },BoldSlantedFont=
(fontspec)             *-Bold,BoldSlantedFeatures= {FakeSlant=0.2,
(fontspec)             SmallCapsFont = *-Bold},SmallCapsFont =
(fontspec)             *-Regular,SmallCapsFeatures={Letters=SmallCaps},Extensio
n
(fontspec)             = .otf].
(fontspec)              
(fontspec)              This font family consists of the following NFSS
(fontspec)             series/shapes:
(fontspec)              
(fontspec)             - 'normal' (m/n) with NFSS spec.:
(fontspec)             <->s*[1]"[LibertinusSerif-Regular.otf]:mode=node;script=
latn;language=dflt;+tlig;+hv-kern;+tnum;+lnum;"
(fontspec)             - 'small caps'  (m/sc) with NFSS spec.:
(fontspec)             <->s*[1]"[LibertinusSerif-Regular.otf]:mode=node;script=
latn;language=dflt;+tlig;+hv-kern;+tnum;+lnum;+smcp;"
(fontspec)             - 'bold' (b/n) with NFSS spec.:
(fontspec)             <->s*[1]"[LibertinusSerif-Bold.otf]:mode=node;script=lat
n;language=dflt;+tlig;+hv-kern;+tnum;+lnum;"
(fontspec)             - 'bold small caps'  (b/sc) with NFSS spec.:
(fontspec)             <->s*[1]"[LibertinusSerif-Bold.otf]:mode=node;script=lat
n;language=dflt;+tlig;+hv-kern;+tnum;+lnum;+smcp;"
(fontspec)             - 'italic' (m/it) with NFSS spec.:
(fontspec)             <->s*[1]"[LibertinusSerif-Italic.otf]:mode=node;script=l
atn;language=dflt;+tlig;+hv-kern;+tnum;+lnum;"
(fontspec)             - 'italic small caps'  (m/scit) with NFSS spec.:
(fontspec)             <->s*[1]"[LibertinusSerif-Italic.otf]:mode=node;script=l
atn;language=dflt;+tlig;+hv-kern;+tnum;+lnum;+smcp;"
(fontspec)             - 'slanted' (m/sl) with NFSS spec.:
(fontspec)             <->s*[1]"[LibertinusSerif-Regular.otf]:mode=node;script=
latn;language=dflt;slant=0.2;+tlig;+hv-kern;+tnum;+lnum;"
(fontspec)             - 'slanted small caps'  (m/scsl) with NFSS spec.:
(fontspec)             <->s*[1]"[LibertinusSerif-Regular.otf]:mode=node;script=
latn;language=dflt;slant=0.2;+tlig;+hv-kern;+tnum;+lnum;+smcp;"
(fontspec)             - 'bold italic' (b/it) with NFSS spec.:
(fontspec)             <->s*[1]"[LibertinusSerif-BoldItalic.otf]:mode=node;scri
pt=latn;language=dflt;+tlig;+hv-kern;+tnum;+lnum;"
(fontspec)             - 'bold italic small caps'  (b/scit) with NFSS spec.:
(fontspec)             <->s*[1]"[LibertinusSerif-BoldItalic.otf]:mode=node;scri
pt=latn;language=dflt;+tlig;+hv-kern;+tnum;+lnum;+smcp;"
(fontspec)             - 'bold slanted' (b/sl) with NFSS spec.:
(fontspec)             <->s*[1]"[LibertinusSerif-Bold.otf]:mode=node;script=lat
n;language=dflt;slant=0.2;+tlig;+hv-kern;+tnum;+lnum;"
(fontspec)             - 'bold slanted small caps'  (b/scsl) with NFSS spec.:
(fontspec)             <->s*[1]"[LibertinusSerif-Bold.otf]:mode=node;script=lat
n;language=dflt;slant=0.2;+tlig;+hv-kern;+tnum;+lnum;+smcp;"


Package fontspec Info: 
(fontspec)             LibertinusSerif-Regular scale = 1.


Package fontspec Info: 
(fontspec)             LibertinusSerif-Regular scale = 1.


Package fontspec Info: 
(fontspec)             LibertinusSerif-Regular scale = 1.


Package fontspec Info: 
(fontspec)             LibertinusSerif-Bold scale = 1.


Package fontspec Info: 
(fontspec)             LibertinusSerif-Bold scale = 1.


Package fontspec Info: 
(fontspec)             LibertinusSerif-Italic scale = 1.


Package fontspec Info: 
(fontspec)             LibertinusSerif-Italic scale = 1.


Package fontspec Info: 
(fontspec)             LibertinusSerif-Regular scale = 1.


Package fontspec Info: 
(fontspec)             LibertinusSerif-Regular scale = 1.


Package fontspec Info: 
(fontspec)             LibertinusSerif-BoldItalic scale = 1.


Package fontspec Info: 
(fontspec)             LibertinusSerif-BoldItalic scale = 1.


Package fontspec Info: 
(fontspec)             LibertinusSerif-Bold scale = 1.


Package fontspec Info: 
(fontspec)             LibertinusSerif-Bold scale = 1.


Package fontspec Info: 
(fontspec)             Font family 'LibertinusSerif(1)' created for font
(fontspec)             'LibertinusSerif' with options
(fontspec)             [Renderer=Basic,RawFeature = {+tnum;+lnum},Scale =
(fontspec)             1,UprightFont = *-Regular,ItalicFont =
(fontspec)             *-Italic,ItalicFeatures = { SmallCapsFont = *-Italic
(fontspec)             },SlantedFont = *-Regular,SlantedFeatures=
(fontspec)             {FakeSlant=0.2},BoldFont = *-Bold,BoldFeatures = {
(fontspec)             SmallCapsFont = *-Bold},BoldItalicFont =
(fontspec)             *-BoldItalic,BoldItalicFeatures = { SmallCapsFont =
(fontspec)             *-BoldItalic },BoldSlantedFont=
(fontspec)             *-Bold,BoldSlantedFeatures= {FakeSlant=0.2,
(fontspec)             SmallCapsFont = *-Bold},SmallCapsFont =
(fontspec)             *-Regular,SmallCapsFeatures={Letters=SmallCaps},Extensio
n
(fontspec)             = .otf].
(fontspec)              
(fontspec)              This font family consists of the following NFSS
(fontspec)             series/shapes:
(fontspec)              
(fontspec)             - 'normal' (m/n) with NFSS spec.:
(fontspec)             <->s*[1]"[LibertinusSerif-Regular.otf]:mode=base;script=
latn;language=dflt;+tnum;+lnum;"
(fontspec)             - 'small caps'  (m/sc) with NFSS spec.:
(fontspec)             <->s*[1]"[LibertinusSerif-Regular.otf]:mode=base;script=
latn;language=dflt;+tnum;+lnum;+smcp;"
(fontspec)             - 'bold' (b/n) with NFSS spec.:
(fontspec)             <->s*[1]"[LibertinusSerif-Bold.otf]:mode=base;script=lat
n;language=dflt;+tnum;+lnum;"
(fontspec)             - 'bold small caps'  (b/sc) with NFSS spec.:
(fontspec)             <->s*[1]"[LibertinusSerif-Bold.otf]:mode=base;script=lat
n;language=dflt;+tnum;+lnum;+smcp;"
(fontspec)             - 'italic' (m/it) with NFSS spec.:
(fontspec)             <->s*[1]"[LibertinusSerif-Italic.otf]:mode=base;script=l
atn;language=dflt;+tnum;+lnum;"
(fontspec)             - 'italic small caps'  (m/scit) with NFSS spec.:
(fontspec)             <->s*[1]"[LibertinusSerif-Italic.otf]:mode=base;script=l
atn;language=dflt;+tnum;+lnum;+smcp;"
(fontspec)             - 'slanted' (m/sl) with NFSS spec.:
(fontspec)             <->s*[1]"[LibertinusSerif-Regular.otf]:mode=base;script=
latn;language=dflt;slant=0.2;+tnum;+lnum;"
(fontspec)             - 'slanted small caps'  (m/scsl) with NFSS spec.:
(fontspec)             <->s*[1]"[LibertinusSerif-Regular.otf]:mode=base;script=
latn;language=dflt;slant=0.2;+tnum;+lnum;+smcp;"
(fontspec)             - 'bold italic' (b/it) with NFSS spec.:
(fontspec)             <->s*[1]"[LibertinusSerif-BoldItalic.otf]:mode=base;scri
pt=latn;language=dflt;+tnum;+lnum;"
(fontspec)             - 'bold italic small caps'  (b/scit) with NFSS spec.:
(fontspec)             <->s*[1]"[LibertinusSerif-BoldItalic.otf]:mode=base;scri
pt=latn;language=dflt;+tnum;+lnum;+smcp;"
(fontspec)             - 'bold slanted' (b/sl) with NFSS spec.:
(fontspec)             <->s*[1]"[LibertinusSerif-Bold.otf]:mode=base;script=lat
n;language=dflt;slant=0.2;+tnum;+lnum;"
(fontspec)             - 'bold slanted small caps'  (b/scsl) with NFSS spec.:
(fontspec)             <->s*[1]"[LibertinusSerif-Bold.otf]:mode=base;script=lat
n;language=dflt;slant=0.2;+tnum;+lnum;+smcp;"

LaTeX Font Info:    Overwriting math alphabet `\mathrm' in version `normal'
(Font)                  TU/lmr/m/n --> TU/LibertinusSerif(1)/m/n on input line 
232.
LaTeX Font Info:    Overwriting math alphabet `\mathit' in version `normal'
(Font)                  TU/lmr/m/it --> TU/LibertinusSerif(1)/m/it on input lin
e 232.
LaTeX Font Info:    Overwriting math alphabet `\mathbf' in version `normal'
(Font)                  TU/lmr/bx/n --> TU/LibertinusSerif(1)/b/n on input line
 232.
LaTeX Font Info:    Font shape `TU/LibertinusSerif(0)/m/n' will be
(Font)              scaled to size 10.0pt on input line 232.

Package fontspec Info: 
(fontspec)             LibertinusSerif-Regular scale = 1.


Package fontspec Info: 
(fontspec)             LibertinusSerif-Regular scale = 1.


Package fontspec Info: 
(fontspec)             LibertinusSerif-Regular scale = 1.


Package fontspec Info: 
(fontspec)             LibertinusSerif-Semibold scale = 1.


Package fontspec Info: 
(fontspec)             LibertinusSerif-Semibold scale = 1.


Package fontspec Info: 
(fontspec)             LibertinusSerif-Italic scale = 1.


Package fontspec Info: 
(fontspec)             LibertinusSerif-Italic scale = 1.


Package fontspec Info: 
(fontspec)             LibertinusSerif-Regular scale = 1.


Package fontspec Info: 
(fontspec)             LibertinusSerif-Regular scale = 1.


Package fontspec Info: 
(fontspec)             LibertinusSerif-SemiboldItalic scale = 1.


Package fontspec Info: 
(fontspec)             LibertinusSerif-SemiboldItalic scale = 1.


Package fontspec Info: 
(fontspec)             LibertinusSerif-Semibold scale = 1.


Package fontspec Info: 
(fontspec)             LibertinusSerif-Semibold scale = 1.


Package fontspec Info: 
(fontspec)             Font family 'LibertinusSerif(2)' created for font
(fontspec)             'LibertinusSerif' with options [RawFeature =
(fontspec)             {+tnum;+lnum},Scale = 1,UprightFont =
(fontspec)             *-Regular,ItalicFont = *-Italic,ItalicFeatures = {
(fontspec)             SmallCapsFont = *-Italic },SlantedFont =
(fontspec)             *-Regular,SlantedFeatures= {FakeSlant=0.2},BoldFont =
(fontspec)             *-Semibold,BoldFeatures = { SmallCapsFont = *-Semibold
(fontspec)             },BoldItalicFont = *-SemiboldItalic,BoldItalicFeatures
(fontspec)             = { SmallCapsFont = *-SemiboldItalic },BoldSlantedFont=
(fontspec)             *-Semibold,BoldSlantedFeatures = {FakeSlant=0.2,
(fontspec)             SmallCapsFont = *-Semibold },SmallCapsFont =
(fontspec)             *-Regular,SmallCapsFeatures={Letters=SmallCaps},Extensio
n
(fontspec)             = .otf].
(fontspec)              
(fontspec)              This font family consists of the following NFSS
(fontspec)             series/shapes:
(fontspec)              
(fontspec)             - 'normal' (m/n) with NFSS spec.:
(fontspec)             <->s*[1]"[LibertinusSerif-Regular.otf]:mode=node;script=
latn;language=dflt;+tnum;+lnum;"
(fontspec)             - 'small caps'  (m/sc) with NFSS spec.:
(fontspec)             <->s*[1]"[LibertinusSerif-Regular.otf]:mode=node;script=
latn;language=dflt;+tnum;+lnum;+smcp;"
(fontspec)             - 'bold' (b/n) with NFSS spec.:
(fontspec)             <->s*[1]"[LibertinusSerif-Semibold.otf]:mode=node;script
=latn;language=dflt;+tnum;+lnum;"
(fontspec)             - 'bold small caps'  (b/sc) with NFSS spec.:
(fontspec)             <->s*[1]"[LibertinusSerif-Semibold.otf]:mode=node;script
=latn;language=dflt;+tnum;+lnum;+smcp;"
(fontspec)             - 'italic' (m/it) with NFSS spec.:
(fontspec)             <->s*[1]"[LibertinusSerif-Italic.otf]:mode=node;script=l
atn;language=dflt;+tnum;+lnum;"
(fontspec)             - 'italic small caps'  (m/scit) with NFSS spec.:
(fontspec)             <->s*[1]"[LibertinusSerif-Italic.otf]:mode=node;script=l
atn;language=dflt;+tnum;+lnum;+smcp;"
(fontspec)             - 'slanted' (m/sl) with NFSS spec.:
(fontspec)             <->s*[1]"[LibertinusSerif-Regular.otf]:mode=node;script=
latn;language=dflt;slant=0.2;+tnum;+lnum;"
(fontspec)             - 'slanted small caps'  (m/scsl) with NFSS spec.:
(fontspec)             <->s*[1]"[LibertinusSerif-Regular.otf]:mode=node;script=
latn;language=dflt;slant=0.2;+tnum;+lnum;+smcp;"
(fontspec)             - 'bold italic' (b/it) with NFSS spec.:
(fontspec)             <->s*[1]"[LibertinusSerif-SemiboldItalic.otf]:mode=node;
script=latn;language=dflt;+tnum;+lnum;"
(fontspec)             - 'bold italic small caps'  (b/scit) with NFSS spec.:
(fontspec)             <->s*[1]"[LibertinusSerif-SemiboldItalic.otf]:mode=node;
script=latn;language=dflt;+tnum;+lnum;+smcp;"
(fontspec)             - 'bold slanted' (b/sl) with NFSS spec.:
(fontspec)             <->s*[1]"[LibertinusSerif-Semibold.otf]:mode=node;script
=latn;language=dflt;slant=0.2;+tnum;+lnum;"
(fontspec)             - 'bold slanted small caps'  (b/scsl) with NFSS spec.:
(fontspec)             <->s*[1]"[LibertinusSerif-Semibold.otf]:mode=node;script
=latn;language=dflt;slant=0.2;+tnum;+lnum;+smcp;"


Package fontspec Info: 
(fontspec)             LibertinusSerif-Regular scale = 1.


Package fontspec Info: 
(fontspec)             LibertinusSerif-Regular scale = 1.


Package fontspec Info: 
(fontspec)             LibertinusSerif-Regular scale = 1.


Package fontspec Info: 
(fontspec)             LibertinusSerif-Bold scale = 1.


Package fontspec Info: 
(fontspec)             LibertinusSerif-Bold scale = 1.


Package fontspec Info: 
(fontspec)             LibertinusSerif-Italic scale = 1.


Package fontspec Info: 
(fontspec)             LibertinusSerif-Italic scale = 1.


Package fontspec Info: 
(fontspec)             LibertinusSerif-Regular scale = 1.


Package fontspec Info: 
(fontspec)             LibertinusSerif-Regular scale = 1.


Package fontspec Info: 
(fontspec)             LibertinusSerif-BoldItalic scale = 1.


Package fontspec Info: 
(fontspec)             LibertinusSerif-BoldItalic scale = 1.


Package fontspec Info: 
(fontspec)             LibertinusSerif-Bold scale = 1.


Package fontspec Info: 
(fontspec)             LibertinusSerif-Bold scale = 1.


Package fontspec Info: 
(fontspec)             Font family 'LibertinusSerif(3)' created for font
(fontspec)             'LibertinusSerif' with options [RawFeature =
(fontspec)             {+onum},Scale = 1,UprightFont = *-Regular,ItalicFont =
(fontspec)             *-Italic,ItalicFeatures = { SmallCapsFont = *-Italic
(fontspec)             },SlantedFont = *-Regular,SlantedFeatures=
(fontspec)             {FakeSlant=0.2},BoldFont = *-Bold,BoldFeatures = {
(fontspec)             SmallCapsFont = *-Bold},BoldItalicFont =
(fontspec)             *-BoldItalic,BoldItalicFeatures = { SmallCapsFont =
(fontspec)             *-BoldItalic },BoldSlantedFont=
(fontspec)             *-Bold,BoldSlantedFeatures = {FakeSlant=0.2,
(fontspec)             SmallCapsFont = *-Bold},SmallCapsFont =
(fontspec)             *-Regular,SmallCapsFeatures={Letters=SmallCaps},Extensio
n
(fontspec)             = .otf].
(fontspec)              
(fontspec)              This font family consists of the following NFSS
(fontspec)             series/shapes:
(fontspec)              
(fontspec)             - 'normal' (m/n) with NFSS spec.:
(fontspec)             <->s*[1]"[LibertinusSerif-Regular.otf]:mode=node;script=
latn;language=dflt;+onum;"
(fontspec)             - 'small caps'  (m/sc) with NFSS spec.:
(fontspec)             <->s*[1]"[LibertinusSerif-Regular.otf]:mode=node;script=
latn;language=dflt;+onum;+smcp;"
(fontspec)             - 'bold' (b/n) with NFSS spec.:
(fontspec)             <->s*[1]"[LibertinusSerif-Bold.otf]:mode=node;script=lat
n;language=dflt;+onum;"
(fontspec)             - 'bold small caps'  (b/sc) with NFSS spec.:
(fontspec)             <->s*[1]"[LibertinusSerif-Bold.otf]:mode=node;script=lat
n;language=dflt;+onum;+smcp;"
(fontspec)             - 'italic' (m/it) with NFSS spec.:
(fontspec)             <->s*[1]"[LibertinusSerif-Italic.otf]:mode=node;script=l
atn;language=dflt;+onum;"
(fontspec)             - 'italic small caps'  (m/scit) with NFSS spec.:
(fontspec)             <->s*[1]"[LibertinusSerif-Italic.otf]:mode=node;script=l
atn;language=dflt;+onum;+smcp;"
(fontspec)             - 'slanted' (m/sl) with NFSS spec.:
(fontspec)             <->s*[1]"[LibertinusSerif-Regular.otf]:mode=node;script=
latn;language=dflt;slant=0.2;+onum;"
(fontspec)             - 'slanted small caps'  (m/scsl) with NFSS spec.:
(fontspec)             <->s*[1]"[LibertinusSerif-Regular.otf]:mode=node;script=
latn;language=dflt;slant=0.2;+onum;+smcp;"
(fontspec)             - 'bold italic' (b/it) with NFSS spec.:
(fontspec)             <->s*[1]"[LibertinusSerif-BoldItalic.otf]:mode=node;scri
pt=latn;language=dflt;+onum;"
(fontspec)             - 'bold italic small caps'  (b/scit) with NFSS spec.:
(fontspec)             <->s*[1]"[LibertinusSerif-BoldItalic.otf]:mode=node;scri
pt=latn;language=dflt;+onum;+smcp;"
(fontspec)             - 'bold slanted' (b/sl) with NFSS spec.:
(fontspec)             <->s*[1]"[LibertinusSerif-Bold.otf]:mode=node;script=lat
n;language=dflt;slant=0.2;+onum;"
(fontspec)             - 'bold slanted small caps'  (b/scsl) with NFSS spec.:
(fontspec)             <->s*[1]"[LibertinusSerif-Bold.otf]:mode=node;script=lat
n;language=dflt;slant=0.2;+onum;+smcp;"


Package fontspec Info: 
(fontspec)             LibertinusSerif-Regular scale = 1.


Package fontspec Info: 
(fontspec)             LibertinusSerif-Regular scale = 1.


Package fontspec Info: 
(fontspec)             LibertinusSerif-Regular scale = 1.


Package fontspec Info: 
(fontspec)             LibertinusSerif-Bold scale = 1.


Package fontspec Info: 
(fontspec)             LibertinusSerif-Bold scale = 1.


Package fontspec Info: 
(fontspec)             LibertinusSerif-Italic scale = 1.


Package fontspec Info: 
(fontspec)             LibertinusSerif-Italic scale = 1.


Package fontspec Info: 
(fontspec)             LibertinusSerif-Regular scale = 1.


Package fontspec Info: 
(fontspec)             LibertinusSerif-Regular scale = 1.


Package fontspec Info: 
(fontspec)             LibertinusSerif-BoldItalic scale = 1.


Package fontspec Info: 
(fontspec)             LibertinusSerif-BoldItalic scale = 1.


Package fontspec Info: 
(fontspec)             LibertinusSerif-Bold scale = 1.


Package fontspec Info: 
(fontspec)             LibertinusSerif-Bold scale = 1.


Package fontspec Info: 
(fontspec)             Font family 'LibertinusSerif(4)' created for font
(fontspec)             'LibertinusSerif' with options [RawFeature =
(fontspec)             {+tnum;-onum},Scale = 1,UprightFont =
(fontspec)             *-Regular,ItalicFont = *-Italic,ItalicFeatures = {
(fontspec)             SmallCapsFont = *-Italic },SlantedFont =
(fontspec)             *-Regular,SlantedFeatures= {FakeSlant=0.2},BoldFont =
(fontspec)             *-Bold,BoldFeatures = { SmallCapsFont =
(fontspec)             *-Bold},BoldItalicFont =
(fontspec)             *-BoldItalic,BoldItalicFeatures = { SmallCapsFont =
(fontspec)             *-BoldItalic },BoldSlantedFont=
(fontspec)             *-Bold,BoldSlantedFeatures = {FakeSlant=0.2,
(fontspec)             SmallCapsFont = *-Bold},SmallCapsFont =
(fontspec)             *-Regular,SmallCapsFeatures={Letters=SmallCaps},Extensio
n
(fontspec)             = .otf].
(fontspec)              
(fontspec)              This font family consists of the following NFSS
(fontspec)             series/shapes:
(fontspec)              
(fontspec)             - 'normal' (m/n) with NFSS spec.:
(fontspec)             <->s*[1]"[LibertinusSerif-Regular.otf]:mode=node;script=
latn;language=dflt;+tnum;-onum;"
(fontspec)             - 'small caps'  (m/sc) with NFSS spec.:
(fontspec)             <->s*[1]"[LibertinusSerif-Regular.otf]:mode=node;script=
latn;language=dflt;+tnum;-onum;+smcp;"
(fontspec)             - 'bold' (b/n) with NFSS spec.:
(fontspec)             <->s*[1]"[LibertinusSerif-Bold.otf]:mode=node;script=lat
n;language=dflt;+tnum;-onum;"
(fontspec)             - 'bold small caps'  (b/sc) with NFSS spec.:
(fontspec)             <->s*[1]"[LibertinusSerif-Bold.otf]:mode=node;script=lat
n;language=dflt;+tnum;-onum;+smcp;"
(fontspec)             - 'italic' (m/it) with NFSS spec.:
(fontspec)             <->s*[1]"[LibertinusSerif-Italic.otf]:mode=node;script=l
atn;language=dflt;+tnum;-onum;"
(fontspec)             - 'italic small caps'  (m/scit) with NFSS spec.:
(fontspec)             <->s*[1]"[LibertinusSerif-Italic.otf]:mode=node;script=l
atn;language=dflt;+tnum;-onum;+smcp;"
(fontspec)             - 'slanted' (m/sl) with NFSS spec.:
(fontspec)             <->s*[1]"[LibertinusSerif-Regular.otf]:mode=node;script=
latn;language=dflt;slant=0.2;+tnum;-onum;"
(fontspec)             - 'slanted small caps'  (m/scsl) with NFSS spec.:
(fontspec)             <->s*[1]"[LibertinusSerif-Regular.otf]:mode=node;script=
latn;language=dflt;slant=0.2;+tnum;-onum;+smcp;"
(fontspec)             - 'bold italic' (b/it) with NFSS spec.:
(fontspec)             <->s*[1]"[LibertinusSerif-BoldItalic.otf]:mode=node;scri
pt=latn;language=dflt;+tnum;-onum;"
(fontspec)             - 'bold italic small caps'  (b/scit) with NFSS spec.:
(fontspec)             <->s*[1]"[LibertinusSerif-BoldItalic.otf]:mode=node;scri
pt=latn;language=dflt;+tnum;-onum;+smcp;"
(fontspec)             - 'bold slanted' (b/sl) with NFSS spec.:
(fontspec)             <->s*[1]"[LibertinusSerif-Bold.otf]:mode=node;script=lat
n;language=dflt;slant=0.2;+tnum;-onum;"
(fontspec)             - 'bold slanted small caps'  (b/scsl) with NFSS spec.:
(fontspec)             <->s*[1]"[LibertinusSerif-Bold.otf]:mode=node;script=lat
n;language=dflt;slant=0.2;+tnum;-onum;+smcp;"


Package fontspec Info: 
(fontspec)             LibertinusSans-Regular scale = 1.


Package fontspec Info: 
(fontspec)             LibertinusSans-Regular scale = 1.


Package fontspec Info: 
(fontspec)             LibertinusSans-Regular scale = 1.


Package fontspec Info: 
(fontspec)             LibertinusSans-Bold scale = 1.


Package fontspec Info: 
(fontspec)             LibertinusSans-Bold scale = 1.


Package fontspec Info: 
(fontspec)             LibertinusSans-Italic scale = 1.


Package fontspec Info: 
(fontspec)             LibertinusSans-Italic scale = 1.


Package fontspec Info: 
(fontspec)             LibertinusSans-Regular scale = 1.


Package fontspec Info: 
(fontspec)             LibertinusSans-Regular scale = 1.


Package fontspec Info: 
(fontspec)             LibertinusSans-Italic scale = 1.


Package fontspec Info: 
(fontspec)             LibertinusSans-Italic scale = 1.


Package fontspec Info: 
(fontspec)             LibertinusSans-Bold scale = 1.


Package fontspec Info: 
(fontspec)             LibertinusSans-Bold scale = 1.


Package fontspec Info: 
(fontspec)             Font family 'LibertinusSans(0)' created for font
(fontspec)             'LibertinusSans' with options [Ligatures =
(fontspec)             TeX,SmallCapsFeatures={Letters=SmallCaps},RawFeature={+h
v-kern},Extension
(fontspec)             = .otf,RawFeature = {+tnum;+lnum},Scale = 1,UprightFont
(fontspec)             = *-Regular,ItalicFont = *-Italic,ItalicFeatures = {
(fontspec)             SmallCapsFont = *-Italic },SlantedFont =
(fontspec)             *-Regular,SlantedFeatures= {FakeSlant=0.2},BoldFont =
(fontspec)             *-Bold,BoldFeatures = { SmallCapsFont = *-Bold
(fontspec)             },BoldItalicFont = *-Italic,BoldItalicFeatures =
(fontspec)             {RawFeature={embolden=3},SmallCapsFont = *-Italic
(fontspec)             },BoldSlantedFont= *-Bold,BoldSlantedFeatures =
(fontspec)             {FakeSlant=0.2, SmallCapsFont = *-Bold },SmallCapsFont
(fontspec)             = *-Regular,SmallCapsFeatures={Letters=SmallCaps}].
(fontspec)              
(fontspec)              This font family consists of the following NFSS
(fontspec)             series/shapes:
(fontspec)              
(fontspec)             - 'normal' (m/n) with NFSS spec.:
(fontspec)             <->s*[1]"[LibertinusSans-Regular.otf]:mode=node;script=l
atn;language=dflt;+tlig;+hv-kern;+tnum;+lnum;"
(fontspec)             - 'small caps'  (m/sc) with NFSS spec.:
(fontspec)             <->s*[1]"[LibertinusSans-Regular.otf]:mode=node;script=l
atn;language=dflt;+tlig;+hv-kern;+tnum;+lnum;+smcp;"
(fontspec)             - 'bold' (b/n) with NFSS spec.:
(fontspec)             <->s*[1]"[LibertinusSans-Bold.otf]:mode=node;script=latn
;language=dflt;+tlig;+hv-kern;+tnum;+lnum;"
(fontspec)             - 'bold small caps'  (b/sc) with NFSS spec.:
(fontspec)             <->s*[1]"[LibertinusSans-Bold.otf]:mode=node;script=latn
;language=dflt;+tlig;+hv-kern;+tnum;+lnum;+smcp;"
(fontspec)             - 'italic' (m/it) with NFSS spec.:
(fontspec)             <->s*[1]"[LibertinusSans-Italic.otf]:mode=node;script=la
tn;language=dflt;+tlig;+hv-kern;+tnum;+lnum;"
(fontspec)             - 'italic small caps'  (m/scit) with NFSS spec.:
(fontspec)             <->s*[1]"[LibertinusSans-Italic.otf]:mode=node;script=la
tn;language=dflt;+tlig;+hv-kern;+tnum;+lnum;+smcp;"
(fontspec)             - 'slanted' (m/sl) with NFSS spec.:
(fontspec)             <->s*[1]"[LibertinusSans-Regular.otf]:mode=node;script=l
atn;language=dflt;slant=0.2;+tlig;+hv-kern;+tnum;+lnum;"
(fontspec)             - 'slanted small caps'  (m/scsl) with NFSS spec.:
(fontspec)             <->s*[1]"[LibertinusSans-Regular.otf]:mode=node;script=l
atn;language=dflt;slant=0.2;+tlig;+hv-kern;+tnum;+lnum;+smcp;"
(fontspec)             - 'bold italic' (b/it) with NFSS spec.:
(fontspec)             <->s*[1]"[LibertinusSans-Italic.otf]:mode=node;script=la
tn;language=dflt;+tlig;+hv-kern;+tnum;+lnum;embolden=3;"
(fontspec)             - 'bold italic small caps'  (b/scit) with NFSS spec.:
(fontspec)             <->s*[1]"[LibertinusSans-Italic.otf]:mode=node;script=la
tn;language=dflt;+tlig;+hv-kern;+tnum;+lnum;embolden=3;+smcp;"
(fontspec)             - 'bold slanted' (b/sl) with NFSS spec.:
(fontspec)             <->s*[1]"[LibertinusSans-Bold.otf]:mode=node;script=latn
;language=dflt;slant=0.2;+tlig;+hv-kern;+tnum;+lnum;"
(fontspec)             - 'bold slanted small caps'  (b/scsl) with NFSS spec.:
(fontspec)             <->s*[1]"[LibertinusSans-Bold.otf]:mode=node;script=latn
;language=dflt;slant=0.2;+tlig;+hv-kern;+tnum;+lnum;+smcp;"


Package fontspec Info: 
(fontspec)             LibertinusSans-Regular scale = 1.


Package fontspec Info: 
(fontspec)             LibertinusSans-Regular scale = 1.


Package fontspec Info: 
(fontspec)             LibertinusSans-Regular scale = 1.


Package fontspec Info: 
(fontspec)             LibertinusSans-Bold scale = 1.


Package fontspec Info: 
(fontspec)             LibertinusSans-Bold scale = 1.


Package fontspec Info: 
(fontspec)             LibertinusSans-Italic scale = 1.


Package fontspec Info: 
(fontspec)             LibertinusSans-Italic scale = 1.


Package fontspec Info: 
(fontspec)             LibertinusSans-Regular scale = 1.


Package fontspec Info: 
(fontspec)             LibertinusSans-Regular scale = 1.


Package fontspec Info: 
(fontspec)             LibertinusSans-Italic scale = 1.


Package fontspec Info: 
(fontspec)             LibertinusSans-Italic scale = 1.


Package fontspec Info: 
(fontspec)             LibertinusSans-Bold scale = 1.


Package fontspec Info: 
(fontspec)             LibertinusSans-Bold scale = 1.


Package fontspec Info: 
(fontspec)             Font family 'LibertinusSans(1)' created for font
(fontspec)             'LibertinusSans' with options [Renderer=Basic,Extension
(fontspec)             = .otf,RawFeature = {+tnum;+lnum},Scale = 1,UprightFont
(fontspec)             = *-Regular,ItalicFont = *-Italic,ItalicFeatures = {
(fontspec)             SmallCapsFont = *-Italic },SlantedFont =
(fontspec)             *-Regular,SlantedFeatures= {FakeSlant=0.2},BoldFont =
(fontspec)             *-Bold,BoldFeatures = { SmallCapsFont = *-Bold
(fontspec)             },BoldItalicFont = *-Italic,BoldItalicFeatures =
(fontspec)             {RawFeature={embolden=3},SmallCapsFont = *-Italic
(fontspec)             },BoldSlantedFont= *-Bold,BoldSlantedFeatures =
(fontspec)             {FakeSlant=0.2, SmallCapsFont = *-Bold },SmallCapsFont
(fontspec)             = *-Regular,SmallCapsFeatures={Letters=SmallCaps}].
(fontspec)              
(fontspec)              This font family consists of the following NFSS
(fontspec)             series/shapes:
(fontspec)              
(fontspec)             - 'normal' (m/n) with NFSS spec.:
(fontspec)             <->s*[1]"[LibertinusSans-Regular.otf]:mode=base;script=l
atn;language=dflt;+tnum;+lnum;"
(fontspec)             - 'small caps'  (m/sc) with NFSS spec.:
(fontspec)             <->s*[1]"[LibertinusSans-Regular.otf]:mode=base;script=l
atn;language=dflt;+tnum;+lnum;+smcp;"
(fontspec)             - 'bold' (b/n) with NFSS spec.:
(fontspec)             <->s*[1]"[LibertinusSans-Bold.otf]:mode=base;script=latn
;language=dflt;+tnum;+lnum;"
(fontspec)             - 'bold small caps'  (b/sc) with NFSS spec.:
(fontspec)             <->s*[1]"[LibertinusSans-Bold.otf]:mode=base;script=latn
;language=dflt;+tnum;+lnum;+smcp;"
(fontspec)             - 'italic' (m/it) with NFSS spec.:
(fontspec)             <->s*[1]"[LibertinusSans-Italic.otf]:mode=base;script=la
tn;language=dflt;+tnum;+lnum;"
(fontspec)             - 'italic small caps'  (m/scit) with NFSS spec.:
(fontspec)             <->s*[1]"[LibertinusSans-Italic.otf]:mode=base;script=la
tn;language=dflt;+tnum;+lnum;+smcp;"
(fontspec)             - 'slanted' (m/sl) with NFSS spec.:
(fontspec)             <->s*[1]"[LibertinusSans-Regular.otf]:mode=base;script=l
atn;language=dflt;slant=0.2;+tnum;+lnum;"
(fontspec)             - 'slanted small caps'  (m/scsl) with NFSS spec.:
(fontspec)             <->s*[1]"[LibertinusSans-Regular.otf]:mode=base;script=l
atn;language=dflt;slant=0.2;+tnum;+lnum;+smcp;"
(fontspec)             - 'bold italic' (b/it) with NFSS spec.:
(fontspec)             <->s*[1]"[LibertinusSans-Italic.otf]:mode=base;script=la
tn;language=dflt;+tnum;+lnum;embolden=3;"
(fontspec)             - 'bold italic small caps'  (b/scit) with NFSS spec.:
(fontspec)             <->s*[1]"[LibertinusSans-Italic.otf]:mode=base;script=la
tn;language=dflt;+tnum;+lnum;embolden=3;+smcp;"
(fontspec)             - 'bold slanted' (b/sl) with NFSS spec.:
(fontspec)             <->s*[1]"[LibertinusSans-Bold.otf]:mode=base;script=latn
;language=dflt;slant=0.2;+tnum;+lnum;"
(fontspec)             - 'bold slanted small caps'  (b/scsl) with NFSS spec.:
(fontspec)             <->s*[1]"[LibertinusSans-Bold.otf]:mode=base;script=latn
;language=dflt;slant=0.2;+tnum;+lnum;+smcp;"

LaTeX Font Info:    Overwriting math alphabet `\mathsf' in version `normal'
(Font)                  TU/lmss/m/n --> TU/LibertinusSans(1)/m/n on input line 
312.
LaTeX Font Info:    Overwriting math alphabet `\mathsf' in version `bold'
(Font)                  TU/lmss/bx/n --> TU/LibertinusSans(1)/b/n on input line
 312.

Package fontspec Info: 
(fontspec)             LibertinusSans-Regular scale = 1.


Package fontspec Info: 
(fontspec)             LibertinusSans-Regular scale = 1.


Package fontspec Info: 
(fontspec)             LibertinusSans-Regular scale = 1.


Package fontspec Info: 
(fontspec)             LibertinusSans-Bold scale = 1.


Package fontspec Info: 
(fontspec)             LibertinusSans-Bold scale = 1.


Package fontspec Info: 
(fontspec)             LibertinusSans-Italic scale = 1.


Package fontspec Info: 
(fontspec)             LibertinusSans-Italic scale = 1.


Package fontspec Info: 
(fontspec)             LibertinusSans-Regular scale = 1.


Package fontspec Info: 
(fontspec)             LibertinusSans-Regular scale = 1.


Package fontspec Info: 
(fontspec)             LibertinusSans-Italic scale = 1.


Package fontspec Info: 
(fontspec)             LibertinusSans-Regular scale = 1.


Package fontspec Info: 
(fontspec)             LibertinusSans-Bold scale = 1.


Package fontspec Info: 
(fontspec)             LibertinusSans-Bold scale = 1.


Package fontspec Info: 
(fontspec)             Font family 'LibertinusSans(2)' created for font
(fontspec)             'LibertinusSans' with options [RawFeature =
(fontspec)             {+onum;+pnum},Scale = 1,UprightFont =
(fontspec)             *-Regular,ItalicFont = *-Italic,ItalicFeatures = {
(fontspec)             SmallCapsFont = *-Italic },SlantedFont =
(fontspec)             *-Regular,SlantedFeatures= {FakeSlant=0.2},BoldFont =
(fontspec)             *-Bold,BoldFeatures = { SmallCapsFont = *-Bold
(fontspec)             },BoldItalicFont = *-Italic,BoldItalicFeatures =
(fontspec)             {RawFeature={embolden=3}},BoldSlantedFont=
(fontspec)             *-Bold,BoldSlantedFeatures = {FakeSlant=0.2,
(fontspec)             SmallCapsFont = *-Bold },SmallCapsFont =
(fontspec)             *-Regular,SmallCapsFeatures={Letters=SmallCaps},Extensio
n
(fontspec)             = .otf].
(fontspec)              
(fontspec)              This font family consists of the following NFSS
(fontspec)             series/shapes:
(fontspec)              
(fontspec)             - 'normal' (m/n) with NFSS spec.:
(fontspec)             <->s*[1]"[LibertinusSans-Regular.otf]:mode=node;script=l
atn;language=dflt;+onum;+pnum;"
(fontspec)             - 'small caps'  (m/sc) with NFSS spec.:
(fontspec)             <->s*[1]"[LibertinusSans-Regular.otf]:mode=node;script=l
atn;language=dflt;+onum;+pnum;+smcp;"
(fontspec)             - 'bold' (b/n) with NFSS spec.:
(fontspec)             <->s*[1]"[LibertinusSans-Bold.otf]:mode=node;script=latn
;language=dflt;+onum;+pnum;"
(fontspec)             - 'bold small caps'  (b/sc) with NFSS spec.:
(fontspec)             <->s*[1]"[LibertinusSans-Bold.otf]:mode=node;script=latn
;language=dflt;+onum;+pnum;+smcp;"
(fontspec)             - 'italic' (m/it) with NFSS spec.:
(fontspec)             <->s*[1]"[LibertinusSans-Italic.otf]:mode=node;script=la
tn;language=dflt;+onum;+pnum;"
(fontspec)             - 'italic small caps'  (m/scit) with NFSS spec.:
(fontspec)             <->s*[1]"[LibertinusSans-Italic.otf]:mode=node;script=la
tn;language=dflt;+onum;+pnum;+smcp;"
(fontspec)             - 'slanted' (m/sl) with NFSS spec.:
(fontspec)             <->s*[1]"[LibertinusSans-Regular.otf]:mode=node;script=l
atn;language=dflt;slant=0.2;+onum;+pnum;"
(fontspec)             - 'slanted small caps'  (m/scsl) with NFSS spec.:
(fontspec)             <->s*[1]"[LibertinusSans-Regular.otf]:mode=node;script=l
atn;language=dflt;slant=0.2;+onum;+pnum;+smcp;"
(fontspec)             - 'bold italic' (b/it) with NFSS spec.:
(fontspec)             <->s*[1]"[LibertinusSans-Italic.otf]:mode=node;script=la
tn;language=dflt;+onum;+pnum;embolden=3;"
(fontspec)             - 'bold italic small caps'  (b/scit) with NFSS spec.:
(fontspec)             <->s*[1]"[LibertinusSans-Regular.otf]:mode=node;script=l
atn;language=dflt;+onum;+pnum;embolden=3;+smcp;"
(fontspec)             - 'bold slanted' (b/sl) with NFSS spec.:
(fontspec)             <->s*[1]"[LibertinusSans-Bold.otf]:mode=node;script=latn
;language=dflt;slant=0.2;+onum;+pnum;"
(fontspec)             - 'bold slanted small caps'  (b/scsl) with NFSS spec.:
(fontspec)             <->s*[1]"[LibertinusSans-Bold.otf]:mode=node;script=latn
;language=dflt;slant=0.2;+onum;+pnum;+smcp;"


Package fontspec Info: 
(fontspec)             LibertinusSans-Regular scale = 1.


Package fontspec Info: 
(fontspec)             LibertinusSans-Regular scale = 1.


Package fontspec Info: 
(fontspec)             LibertinusSans-Regular scale = 1.


Package fontspec Info: 
(fontspec)             LibertinusSans-Bold scale = 1.


Package fontspec Info: 
(fontspec)             LibertinusSans-Bold scale = 1.


Package fontspec Info: 
(fontspec)             LibertinusSans-Italic scale = 1.


Package fontspec Info: 
(fontspec)             LibertinusSans-Italic scale = 1.


Package fontspec Info: 
(fontspec)             LibertinusSans-Regular scale = 1.


Package fontspec Info: 
(fontspec)             LibertinusSans-Regular scale = 1.


Package fontspec Info: 
(fontspec)             LibertinusSans-Italic scale = 1.


Package fontspec Info: 
(fontspec)             LibertinusSans-Regular scale = 1.


Package fontspec Info: 
(fontspec)             LibertinusSans-Bold scale = 1.


Package fontspec Info: 
(fontspec)             LibertinusSans-Bold scale = 1.


Package fontspec Info: 
(fontspec)             Font family 'LibertinusSans(3)' created for font
(fontspec)             'LibertinusSans' with options [RawFeature =
(fontspec)             {+lnum;-onum;+tnum},Scale = 1,UprightFont =
(fontspec)             *-Regular,ItalicFont = *-Italic,ItalicFeatures = {
(fontspec)             SmallCapsFont = *-Italic },SlantedFont =
(fontspec)             *-Regular,SlantedFeatures= {FakeSlant=0.2},BoldFont =
(fontspec)             *-Bold,BoldFeatures = { SmallCapsFont = *-Bold
(fontspec)             },BoldItalicFont = *-Italic,BoldItalicFeatures =
(fontspec)             {RawFeature={embolden=3}},BoldSlantedFont=
(fontspec)             *-Bold,BoldSlantedFeatures = {FakeSlant=0.2,
(fontspec)             SmallCapsFont = *-Bold },SmallCapsFont =
(fontspec)             *-Regular,SmallCapsFeatures={Letters=SmallCaps},Extensio
n
(fontspec)             = .otf].
(fontspec)              
(fontspec)              This font family consists of the following NFSS
(fontspec)             series/shapes:
(fontspec)              
(fontspec)             - 'normal' (m/n) with NFSS spec.:
(fontspec)             <->s*[1]"[LibertinusSans-Regular.otf]:mode=node;script=l
atn;language=dflt;+lnum;-onum;+tnum;"
(fontspec)             - 'small caps'  (m/sc) with NFSS spec.:
(fontspec)             <->s*[1]"[LibertinusSans-Regular.otf]:mode=node;script=l
atn;language=dflt;+lnum;-onum;+tnum;+smcp;"
(fontspec)             - 'bold' (b/n) with NFSS spec.:
(fontspec)             <->s*[1]"[LibertinusSans-Bold.otf]:mode=node;script=latn
;language=dflt;+lnum;-onum;+tnum;"
(fontspec)             - 'bold small caps'  (b/sc) with NFSS spec.:
(fontspec)             <->s*[1]"[LibertinusSans-Bold.otf]:mode=node;script=latn
;language=dflt;+lnum;-onum;+tnum;+smcp;"
(fontspec)             - 'italic' (m/it) with NFSS spec.:
(fontspec)             <->s*[1]"[LibertinusSans-Italic.otf]:mode=node;script=la
tn;language=dflt;+lnum;-onum;+tnum;"
(fontspec)             - 'italic small caps'  (m/scit) with NFSS spec.:
(fontspec)             <->s*[1]"[LibertinusSans-Italic.otf]:mode=node;script=la
tn;language=dflt;+lnum;-onum;+tnum;+smcp;"
(fontspec)             - 'slanted' (m/sl) with NFSS spec.:
(fontspec)             <->s*[1]"[LibertinusSans-Regular.otf]:mode=node;script=l
atn;language=dflt;slant=0.2;+lnum;-onum;+tnum;"
(fontspec)             - 'slanted small caps'  (m/scsl) with NFSS spec.:
(fontspec)             <->s*[1]"[LibertinusSans-Regular.otf]:mode=node;script=l
atn;language=dflt;slant=0.2;+lnum;-onum;+tnum;+smcp;"
(fontspec)             - 'bold italic' (b/it) with NFSS spec.:
(fontspec)             <->s*[1]"[LibertinusSans-Italic.otf]:mode=node;script=la
tn;language=dflt;+lnum;-onum;+tnum;embolden=3;"
(fontspec)             - 'bold italic small caps'  (b/scit) with NFSS spec.:
(fontspec)             <->s*[1]"[LibertinusSans-Regular.otf]:mode=node;script=l
atn;language=dflt;+lnum;-onum;+tnum;embolden=3;+smcp;"
(fontspec)             - 'bold slanted' (b/sl) with NFSS spec.:
(fontspec)             <->s*[1]"[LibertinusSans-Bold.otf]:mode=node;script=latn
;language=dflt;slant=0.2;+lnum;-onum;+tnum;"
(fontspec)             - 'bold slanted small caps'  (b/scsl) with NFSS spec.:
(fontspec)             <->s*[1]"[LibertinusSans-Bold.otf]:mode=node;script=latn
;language=dflt;slant=0.2;+lnum;-onum;+tnum;+smcp;"


Package fontspec Info: 
(fontspec)             LibertinusMono-Regular scale = 0.8666631730804798.


Package fontspec Info: 
(fontspec)             LibertinusMono-Regular scale = 0.8666631730804798.


Package fontspec Info: 
(fontspec)             LibertinusMono-Regular scale = 0.8666631730804798.


Package fontspec Info: 
(fontspec)             LibertinusMono-Regular scale = 0.8666631730804798.


Package fontspec Info: 
(fontspec)             LibertinusMono-Regular scale = 0.8666631730804798.


Package fontspec Info: 
(fontspec)             LibertinusMono-Regular scale = 0.8666631730804798.


Package fontspec Info: 
(fontspec)             Font family 'LibertinusMono(0)' created for font
(fontspec)             'LibertinusMono' with options
(fontspec)             [WordSpace={1,0,0},HyphenChar=None,PunctuationSpace=Word
Space,RawFeature
(fontspec)             = {+tnum; +lnum},Scale = MatchLowercase,FakeStretch =
(fontspec)             0.9,UprightFont = *-Regular,ItalicFont =
(fontspec)             *-Regular,ItalicFeatures = {FakeSlant=0.2},SlantedFont
(fontspec)             = *-Regular,SlantedFeatures= {FakeSlant=0.2},BoldFont =
(fontspec)             *-Regular,BoldFeatures =
(fontspec)             {RawFeature={embolden=3}},BoldItalicFont =
(fontspec)             *-Regular,BoldItalicFeatures={FakeSlant=0.2,RawFeature={
embolden=3}},Extension
(fontspec)             = .otf].
(fontspec)              
(fontspec)              This font family consists of the following NFSS
(fontspec)             series/shapes:
(fontspec)              
(fontspec)             - 'normal' (m/n) with NFSS spec.:
(fontspec)             <->s*[0.8666631730804798]"[LibertinusMono-Regular.otf]:m
ode=node;script=latn;language=dflt;extend=0.9;+tnum;
(fontspec)             +lnum;"
(fontspec)             - 'bold' (b/n) with NFSS spec.:
(fontspec)             <->s*[0.8666631730804798]"[LibertinusMono-Regular.otf]:m
ode=node;script=latn;language=dflt;extend=0.9;+tnum;
(fontspec)             +lnum;embolden=3;"
(fontspec)             - 'italic' (m/it) with NFSS spec.:
(fontspec)             <->s*[0.8666631730804798]"[LibertinusMono-Regular.otf]:m
ode=node;script=latn;language=dflt;extend=0.9;slant=0.2;+tnum;
(fontspec)             +lnum;"
(fontspec)             - 'slanted' (m/sl) with NFSS spec.:
(fontspec)             <->s*[0.8666631730804798]"[LibertinusMono-Regular.otf]:m
ode=node;script=latn;language=dflt;extend=0.9;slant=0.2;+tnum;
(fontspec)             +lnum;"
(fontspec)             - 'bold italic' (b/it) with NFSS spec.:
(fontspec)             <->s*[0.8666631730804798]"[LibertinusMono-Regular.otf]:m
ode=node;script=latn;language=dflt;extend=0.9;slant=0.2;+tnum;
(fontspec)             +lnum;embolden=3;"


Package fontspec Info: 
(fontspec)             LibertinusMono-Regular scale = 0.8666631730804798.


Package fontspec Info: 
(fontspec)             LibertinusMono-Regular scale = 0.8666631730804798.


Package fontspec Info: 
(fontspec)             LibertinusMono-Regular scale = 0.8666631730804798.


Package fontspec Info: 
(fontspec)             LibertinusMono-Regular scale = 0.8666631730804798.


Package fontspec Info: 
(fontspec)             LibertinusMono-Regular scale = 0.8666631730804798.


Package fontspec Info: 
(fontspec)             LibertinusMono-Regular scale = 0.8666631730804798.


Package fontspec Info: 
(fontspec)             Font family 'LibertinusMono(1)' created for font
(fontspec)             'LibertinusMono' with options
(fontspec)             [Renderer=Basic,RawFeature = {+tnum; +lnum},Scale =
(fontspec)             MatchLowercase,FakeStretch = 0.9,UprightFont =
(fontspec)             *-Regular,ItalicFont = *-Regular,ItalicFeatures =
(fontspec)             {FakeSlant=0.2},SlantedFont =
(fontspec)             *-Regular,SlantedFeatures= {FakeSlant=0.2},BoldFont =
(fontspec)             *-Regular,BoldFeatures =
(fontspec)             {RawFeature={embolden=3}},BoldItalicFont =
(fontspec)             *-Regular,BoldItalicFeatures={FakeSlant=0.2,RawFeature={
embolden=3}},Extension
(fontspec)             = .otf].
(fontspec)              
(fontspec)              This font family consists of the following NFSS
(fontspec)             series/shapes:
(fontspec)              
(fontspec)             - 'normal' (m/n) with NFSS spec.:
(fontspec)             <->s*[0.8666631730804798]"[LibertinusMono-Regular.otf]:m
ode=base;script=latn;language=dflt;extend=0.9;+tnum;
(fontspec)             +lnum;"
(fontspec)             - 'bold' (b/n) with NFSS spec.:
(fontspec)             <->s*[0.8666631730804798]"[LibertinusMono-Regular.otf]:m
ode=base;script=latn;language=dflt;extend=0.9;+tnum;
(fontspec)             +lnum;embolden=3;"
(fontspec)             - 'italic' (m/it) with NFSS spec.:
(fontspec)             <->s*[0.8666631730804798]"[LibertinusMono-Regular.otf]:m
ode=base;script=latn;language=dflt;extend=0.9;slant=0.2;+tnum;
(fontspec)             +lnum;"
(fontspec)             - 'slanted' (m/sl) with NFSS spec.:
(fontspec)             <->s*[0.8666631730804798]"[LibertinusMono-Regular.otf]:m
ode=base;script=latn;language=dflt;extend=0.9;slant=0.2;+tnum;
(fontspec)             +lnum;"
(fontspec)             - 'bold italic' (b/it) with NFSS spec.:
(fontspec)             <->s*[0.8666631730804798]"[LibertinusMono-Regular.otf]:m
ode=base;script=latn;language=dflt;extend=0.9;slant=0.2;+tnum;
(fontspec)             +lnum;embolden=3;"

LaTeX Font Info:    Overwriting math alphabet `\mathtt' in version `normal'
(Font)                  TU/lmtt/m/n --> TU/LibertinusMono(1)/m/n on input line 
369.
LaTeX Font Info:    Overwriting math alphabet `\mathtt' in version `bold'
(Font)                  TU/lmtt/bx/n --> TU/LibertinusMono(1)/b/n on input line
 369.

*************************************
* Using libertinus math *
*************************************

Package fontspec Info: 
(fontspec)             Font family 'LibertinusMath-Regular.otf(0)' created for
(fontspec)             font 'LibertinusMath-Regular.otf' with options
(fontspec)             [Renderer=Basic,BoldItalicFont={},ItalicFont={},SmallCap
sFont={},Script=Math,RawFeature={mathfontdimen=xetex}].
(fontspec)              
(fontspec)              This font family consists of the following NFSS
(fontspec)             series/shapes:
(fontspec)              
(fontspec)             - 'normal' (m/n) with NFSS spec.:
(fontspec)             <->"[LibertinusMath-Regular.otf]:mode=base;script=math;l
anguage=dflt;mathfontdimen=xetex;"


Package fontspec Info: 
(fontspec)             Font family 'LibertinusMath-Regular.otf(1)' created for
(fontspec)             font 'LibertinusMath-Regular.otf' with options
(fontspec)             [Renderer=Basic,BoldItalicFont={},ItalicFont={},SmallCap
sFont={},Script=Math,SizeFeatures={{Size=9-},{Size=7-9,Font=LibertinusMath-Regu
lar.otf,Style=MathScript},{Size=-7,Font=LibertinusMath-Regular.otf,Style=MathSc
riptScript}},RawFeature={mathfontdimen=xetex}].
(fontspec)              
(fontspec)              This font family consists of the following NFSS
(fontspec)             series/shapes:
(fontspec)              
(fontspec)             - 'normal' (m/n) with NFSS spec.:
(fontspec)             <9->"[LibertinusMath-Regular.otf]:mode=base;script=math;
language=dflt;mathfontdimen=xetex;"<7-9>"[LibertinusMath-Regular.otf]:mode=base
;script=math;language=dflt;mathfontdimen=xetex;+ssty=0;"<-7>"[LibertinusMath-Re
gular.otf]:mode=base;script=math;language=dflt;mathfontdimen=xetex;+ssty=1;"

LaTeX Font Info:    Overwriting symbol font `operators' in version `normal'
(Font)                  TU/latinmodern-math.otf(1)/m/n --> TU/LibertinusMath-Re
gular.otf(1)/m/n on input line 377.
LaTeX Font Info:    Overwriting symbol font `operators' in version `bold'
(Font)                  TU/latinmodern-math.otf(1)/b/n --> TU/LibertinusMath-Re
gular.otf(1)/b/n on input line 377.

Package fontspec Info: 
(fontspec)             Font family 'LibertinusMath-Regular.otf(2)' created for
(fontspec)             font 'LibertinusMath-Regular.otf' with options
(fontspec)             [Renderer=Basic,BoldItalicFont={},ItalicFont={},SmallCap
sFont={},Script=Math,SizeFeatures={{Size=9-},{Size=7-9,Font=LibertinusMath-Regu
lar.otf,Style=MathScript},{Size=-7,Font=LibertinusMath-Regular.otf,Style=MathSc
riptScript}},RawFeature={mathfontdimen=xetex},RawFeature={mathfontdimen=tex2}].

(fontspec)              
(fontspec)              This font family consists of the following NFSS
(fontspec)             series/shapes:
(fontspec)              
(fontspec)             - 'normal' (m/n) with NFSS spec.:
(fontspec)             <9->"[LibertinusMath-Regular.otf]:mode=base;script=math;
language=dflt;mathfontdimen=xetex;mathfontdimen=tex2;"<7-9>"[LibertinusMath-Reg
ular.otf]:mode=base;script=math;language=dflt;mathfontdimen=xetex;mathfontdimen
=tex2;+ssty=0;"<-7>"[LibertinusMath-Regular.otf]:mode=base;script=math;language
=dflt;mathfontdimen=xetex;mathfontdimen=tex2;+ssty=1;"

LaTeX Font Info:    Overwriting symbol font `symbols' in version `normal'
(Font)                  TU/latinmodern-math.otf(2)/m/n --> TU/LibertinusMath-Re
gular.otf(2)/m/n on input line 377.
LaTeX Font Info:    Overwriting symbol font `symbols' in version `bold'
(Font)                  TU/latinmodern-math.otf(2)/b/n --> TU/LibertinusMath-Re
gular.otf(2)/b/n on input line 377.

Package fontspec Info: 
(fontspec)             Font family 'LibertinusMath-Regular.otf(3)' created for
(fontspec)             font 'LibertinusMath-Regular.otf' with options
(fontspec)             [Renderer=Basic,BoldItalicFont={},ItalicFont={},SmallCap
sFont={},Script=Math,SizeFeatures={{Size=9-},{Size=7-9,Font=LibertinusMath-Regu
lar.otf,Style=MathScript},{Size=-7,Font=LibertinusMath-Regular.otf,Style=MathSc
riptScript}},RawFeature={mathfontdimen=xetex},RawFeature={mathfontdimen=tex3}].

(fontspec)              
(fontspec)              This font family consists of the following NFSS
(fontspec)             series/shapes:
(fontspec)              
(fontspec)             - 'normal' (m/n) with NFSS spec.:
(fontspec)             <9->"[LibertinusMath-Regular.otf]:mode=base;script=math;
language=dflt;mathfontdimen=xetex;mathfontdimen=tex3;"<7-9>"[LibertinusMath-Reg
ular.otf]:mode=base;script=math;language=dflt;mathfontdimen=xetex;mathfontdimen
=tex3;+ssty=0;"<-7>"[LibertinusMath-Regular.otf]:mode=base;script=math;language
=dflt;mathfontdimen=xetex;mathfontdimen=tex3;+ssty=1;"

LaTeX Font Info:    Overwriting symbol font `largesymbols' in version `normal'
(Font)                  TU/latinmodern-math.otf(3)/m/n --> TU/LibertinusMath-Re
gular.otf(3)/m/n on input line 377.
LaTeX Font Info:    Overwriting symbol font `largesymbols' in version `bold'
(Font)                  TU/latinmodern-math.otf(3)/b/n --> TU/LibertinusMath-Re
gular.otf(3)/b/n on input line 377.
LaTeX Font Info:    Redeclaring math version `bold' on input line 379.

Package fontspec Info: 
(fontspec)             Font family 'LibertinusMath-Regular.otf(4)' created for
(fontspec)             font 'LibertinusMath-Regular.otf' with options
(fontspec)             [Renderer=Basic,BoldItalicFont={},ItalicFont={},SmallCap
sFont={},Script=Math,RawFeature={mathfontdimen=xetex},RawFeature={embolden=3}].

(fontspec)              
(fontspec)              This font family consists of the following NFSS
(fontspec)             series/shapes:
(fontspec)              
(fontspec)             - 'normal' (m/n) with NFSS spec.:
(fontspec)             <->"[LibertinusMath-Regular.otf]:mode=base;script=math;l
anguage=dflt;mathfontdimen=xetex;embolden=3;"


Package fontspec Info: 
(fontspec)             Font family 'LibertinusMath-Regular.otf(5)' created for
(fontspec)             font 'LibertinusMath-Regular.otf' with options
(fontspec)             [Renderer=Basic,BoldItalicFont={},ItalicFont={},SmallCap
sFont={},Script=Math,SizeFeatures={{Size=9-},{Size=7-9,Font=LibertinusMath-Regu
lar.otf,Style=MathScript},{Size=-7,Font=LibertinusMath-Regular.otf,Style=MathSc
riptScript}},RawFeature={mathfontdimen=xetex},RawFeature={embolden=3}].
(fontspec)              
(fontspec)              This font family consists of the following NFSS
(fontspec)             series/shapes:
(fontspec)              
(fontspec)             - 'normal' (m/n) with NFSS spec.:
(fontspec)             <9->"[LibertinusMath-Regular.otf]:mode=base;script=math;
language=dflt;mathfontdimen=xetex;embolden=3;"<7-9>"[LibertinusMath-Regular.otf
]:mode=base;script=math;language=dflt;mathfontdimen=xetex;embolden=3;+ssty=0;"<
-7>"[LibertinusMath-Regular.otf]:mode=base;script=math;language=dflt;mathfontdi
men=xetex;embolden=3;+ssty=1;"

LaTeX Font Info:    Encoding `OT1' has changed to `TU' for symbol font
(Font)              `operators' in the math version `bold' on input line 379.
LaTeX Font Info:    Overwriting symbol font `operators' in version `bold'
(Font)                  OT1/cmr/m/n --> TU/LibertinusMath-Regular.otf(5)/m/n on
 input line 379.

Package fontspec Info: 
(fontspec)             Font family 'LibertinusMath-Regular.otf(6)' created for
(fontspec)             font 'LibertinusMath-Regular.otf' with options
(fontspec)             [Renderer=Basic,BoldItalicFont={},ItalicFont={},SmallCap
sFont={},Script=Math,SizeFeatures={{Size=9-},{Size=7-9,Font=LibertinusMath-Regu
lar.otf,Style=MathScript},{Size=-7,Font=LibertinusMath-Regular.otf,Style=MathSc
riptScript}},RawFeature={mathfontdimen=xetex},RawFeature={embolden=3},RawFeatur
e={mathfontdimen=tex2}].
(fontspec)              
(fontspec)              This font family consists of the following NFSS
(fontspec)             series/shapes:
(fontspec)              
(fontspec)             - 'normal' (m/n) with NFSS spec.:
(fontspec)             <9->"[LibertinusMath-Regular.otf]:mode=base;script=math;
language=dflt;mathfontdimen=xetex;embolden=3;mathfontdimen=tex2;"<7-9>"[Liberti
nusMath-Regular.otf]:mode=base;script=math;language=dflt;mathfontdimen=xetex;em
bolden=3;mathfontdimen=tex2;+ssty=0;"<-7>"[LibertinusMath-Regular.otf]:mode=bas
e;script=math;language=dflt;mathfontdimen=xetex;embolden=3;mathfontdimen=tex2;+
ssty=1;"

LaTeX Font Info:    Encoding `OMS' has changed to `TU' for symbol font
(Font)              `symbols' in the math version `bold' on input line 379.
LaTeX Font Info:    Overwriting symbol font `symbols' in version `bold'
(Font)                  OMS/cmsy/m/n --> TU/LibertinusMath-Regular.otf(6)/m/n o
n input line 379.

Package fontspec Info: 
(fontspec)             Font family 'LibertinusMath-Regular.otf(7)' created for
(fontspec)             font 'LibertinusMath-Regular.otf' with options
(fontspec)             [Renderer=Basic,BoldItalicFont={},ItalicFont={},SmallCap
sFont={},Script=Math,SizeFeatures={{Size=9-},{Size=7-9,Font=LibertinusMath-Regu
lar.otf,Style=MathScript},{Size=-7,Font=LibertinusMath-Regular.otf,Style=MathSc
riptScript}},RawFeature={mathfontdimen=xetex},RawFeature={embolden=3},RawFeatur
e={mathfontdimen=tex3}].
(fontspec)              
(fontspec)              This font family consists of the following NFSS
(fontspec)             series/shapes:
(fontspec)              
(fontspec)             - 'normal' (m/n) with NFSS spec.:
(fontspec)             <9->"[LibertinusMath-Regular.otf]:mode=base;script=math;
language=dflt;mathfontdimen=xetex;embolden=3;mathfontdimen=tex3;"<7-9>"[Liberti
nusMath-Regular.otf]:mode=base;script=math;language=dflt;mathfontdimen=xetex;em
bolden=3;mathfontdimen=tex3;+ssty=0;"<-7>"[LibertinusMath-Regular.otf]:mode=bas
e;script=math;language=dflt;mathfontdimen=xetex;embolden=3;mathfontdimen=tex3;+
ssty=1;"

LaTeX Font Info:    Encoding `OMX' has changed to `TU' for symbol font
(Font)              `largesymbols' in the math version `bold' on input line 379
.
LaTeX Font Info:    Overwriting symbol font `largesymbols' in version `bold'
(Font)                  OMX/cmex/m/n --> TU/LibertinusMath-Regular.otf(7)/m/n o
n input line 379.

Package fontspec Info: 
(fontspec)             Font family 'LinBiolinum_K.otf(0)' created for font
(fontspec)             'LinBiolinum_K.otf' with options
(fontspec)             [BoldFont={},ItalicFont={},SmallCapsFont={},RawFeature=+
liga].
(fontspec)              
(fontspec)              This font family consists of the following NFSS
(fontspec)             series/shapes:
(fontspec)              
(fontspec)             - 'normal' (m/n) with NFSS spec.:
(fontspec)             <->"[LinBiolinum_K.otf]:mode=node;script=latn;language=d
flt;+liga;"


Package fontspec Info: 
(fontspec)             Font family 'LibertinusKeyboard-Regular.otf(0)' created
(fontspec)             for font 'LibertinusKeyboard-Regular.otf' with options
(fontspec)             [BoldFont={},ItalicFont={},SmallCapsFont={},RawFeature=+
liga].
(fontspec)              
(fontspec)              This font family consists of the following NFSS
(fontspec)             series/shapes:
(fontspec)              
(fontspec)             - 'normal' (m/n) with NFSS spec.:
(fontspec)             <->"[LibertinusKeyboard-Regular.otf]:mode=node;script=la
tn;language=dflt;+liga;"


Package fontspec Info: 
(fontspec)             Font family 'LibertinusSerifDisplay-Regular.otf(0)'
(fontspec)             created for font 'LibertinusSerifDisplay-Regular.otf'
(fontspec)             with options [].
(fontspec)              
(fontspec)              This font family consists of the following NFSS
(fontspec)             series/shapes:
(fontspec)              
(fontspec)             - 'normal' (m/n) with NFSS spec.:
(fontspec)             <->"[LibertinusSerifDisplay-Regular.otf]:mode=node;scrip
t=latn;language=dflt;"


Package fontspec Info: 
(fontspec)             Font family 'LibertinusSerifInitials-Regular.otf(0)'
(fontspec)             created for font 'LibertinusSerifInitials-Regular.otf'
(fontspec)             with options [].
(fontspec)              
(fontspec)              This font family consists of the following NFSS
(fontspec)             series/shapes:
(fontspec)              
(fontspec)             - 'normal' (m/n) with NFSS spec.:
(fontspec)             <->"[LibertinusSerifInitials-Regular.otf]:mode=node;scri
pt=latn;language=dflt;"

)
Package caption Info: Begin \AtBeginDocument code.
Package caption Info: hyperref package is loaded.
Package caption Info: rotating package is loaded.
Package caption Info: End \AtBeginDocument code.
Package hyperref Info: Link coloring OFF on input line 3.
 (./main.out) (./main.out)
\@outlinefile=\write5

\openout5 = main.out


Package siunitx Warning: Detected the "physics" package:
(siunitx)                omitting definition of \qty.
(siunitx)                
(siunitx)                If you want to use \qty with the siunitx definition,
(siunitx)                add 
(siunitx)                
(siunitx)                    \AtBeginDocument{\RenewCommandCopy\qty\SI}
(siunitx)                
(siunitx)                to your preamble.

(./titlepage.tex
LaTeX Font Info:    Font shape `TU/LibertinusSerif(0)/m/n' will be
(Font)              scaled to size 14.4pt on input line 3.
LaTeX Font Info:    Font shape `TU/LibertinusSerif(0)/m/n' will be
(Font)              scaled to size 20.74pt on input line 7.
LaTeX Font Info:    Font shape `TU/LibertinusSerif(0)/b/n' will be
(Font)              scaled to size 20.74pt on input line 7.
LaTeX Font Info:    Font shape `TU/LibertinusSerif(0)/m/n' will be
(Font)              scaled to size 12.0pt on input line 9.
LaTeX Font Info:    Font shape `TU/LibertinusSerif(0)/b/n' will be
(Font)              scaled to size 12.0pt on input line 10.


[1

{/usr/local/texlive/2025/texmf-var/fonts/map/pdftex/updmap/pdftex.map}])
LaTeX Font Info:    Font shape `TU/LibertinusSerif(0)/b/n' will be
(Font)              scaled to size 14.4pt on input line 11.

(./main.toc
LaTeX Font Info:    Font shape `TU/LibertinusSerif(0)/b/n' will be
(Font)              scaled to size 10.0pt on input line 2.
)
\tf@toc=\write6

\openout6 = main.toc



Package fancyhdr Warning: \fancyfoot's `E' option without twoside option is use
less.
(fancyhdr)                Please consider using the `twoside' option on input l
ine 15.

[1

] (./intro.tex
LaTeX Font Info:    Font shape `TU/LibertinusSerif(1)/m/n' will be
(Font)              scaled to size 10.0pt on input line 3.
LaTeX Font Info:    Font shape `TU/LibertinusSerif(1)/m/n' will be
(Font)              scaled to size 8.0pt on input line 3.
LaTeX Font Info:    Font shape `TU/LibertinusSerif(1)/m/n' will be
(Font)              scaled to size 6.0pt on input line 3.
LaTeX Font Info:    Font shape `TU/LibertinusMono(0)/m/n' will be
(Font)              scaled to size 8.66669pt on input line 5.


LaTeX Warning: Citation 'gpdk045ref' on page 1 undefined on input line 5.

(./assets/pMOS_LDO_schematic.tex)
LaTeX Font Info:    Font shape `TU/LibertinusSerif(0)/m/n' will be
(Font)              scaled to size 9.0pt on input line 10.
LaTeX Font Info:    Font shape `TU/LibertinusSerif(0)/b/n' will be
(Font)              scaled to size 9.0pt on input line 10.
LaTeX Font Info:    Font shape `TU/LibertinusSerif(1)/m/n' will be
(Font)              scaled to size 9.0pt on input line 10.
LaTeX Font Info:    Font shape `TU/LibertinusSerif(1)/m/n' will be
(Font)              scaled to size 5.0pt on input line 10.
LaTeX Font Info:    Font shape `TU/LibertinusSerif(0)/m/n' will be
(Font)              scaled to size 8.0pt on input line 22.
LaTeX Font Info:    Font shape `TU/LibertinusSerif(0)/m/n' will be
(Font)              scaled to size 6.0pt on input line 22.


LaTeX Warning: Citation 'ChenPower' on page 1 undefined on input line 23.


LaTeX Warning: Citation 'ChenPower' on page 1 undefined on input line 23.


LaTeX Warning: Citation 'ChenPower' on page 1 undefined on input line 25.

LaTeX Font Info:    Font shape `TU/LibertinusSerif(0)/m/sl' will be
(Font)              scaled to size 10.0pt on input line 25.

LaTeX Warning: Citation 'ChenPower' on page 1 undefined on input line 25.


LaTeX Warning: Citation 'ChenPower' on page 1 undefined on input line 25.


LaTeX Warning: Citation 'ChenPower' on page 1 undefined on input line 25.


LaTeX Warning: Citation 'ChenPower' on page 1 undefined on input line 25.


LaTeX Warning: Citation 'ChenPower' on page 1 undefined on input line 25.




warning  (pdf backend): ignoring duplicate destination with the name 'page.1'
[1

]

LaTeX Warning: Citation 'ChenPower' on page 2 undefined on input line 26.


LaTeX Warning: Citation 'ChenPower' on page 2 undefined on input line 26.


LaTeX Warning: Reference `appendix:layout' on page 2 undefined on input line 32
.

)

[2] (./error_amplifier.tex (./assets/error_amplifier_schematic.tex)

LaTeX Warning: Citation 'RazaviCMOS' on page 3 undefined on input line 14.


Overfull \hbox (28.00728pt too wide) in paragraph at lines 14--15
[]\TU/LibertinusSerif(0)/m/n/10 Η συ-νάρ-τη-ση με-τα-φο-ράς 
του ε-νι-σχυ-τή του σχή-μα-τος []2.1[] δί-νε-ται 
α-πό την ε-ξί-σω-ση [] []. 
 []


LaTeX Warning: Citation 'RazaviCMOS' on page 3 undefined on input line 20.


LaTeX Warning: Citation 'RazaviCMOS' on page 3 undefined on input line 25.


LaTeX Warning: Citation 'RazaviCMOS' on page 3 undefined on input line 30.


LaTeX Warning: Citation 'RazaviCMOS' on page 3 undefined on input line 35.



[3


]

LaTeX Warning: Citation 'RazaviFundamentals' on page 4 undefined on input line 
48.


LaTeX Warning: Citation 'SedraSmith' on page 4 undefined on input line 48.


Overfull \hbox (27.00017pt too wide) in paragraph at lines 48--49
[]\TU/LibertinusSerif(0)/m/n/10 Για τα ρεύ-μα-τα των transistor 
$\TU/LibertinusMath-Regular.otf(1)/m/n/10 N[]$\TU/LibertinusSerif(0)/m/n/10 , $
\TU/LibertinusMath-Regular.otf(1)/m/n/10 N[]$\TU/LibertinusSerif(0)/m/n/10 , $\
TU/LibertinusMath-Regular.otf(1)/m/n/10 P[]$\TU/LibertinusSerif(0)/m/n/10 , $\T
U/LibertinusMath-Regular.otf(1)/m/n/10 P[]$ \TU/LibertinusSerif(0)/m/n/10 κα
ι $\TU/LibertinusMath-Regular.otf(1)/m/n/10 N[]$ \TU/LibertinusSerif(0)/m/n/10
 ι-σχύ-ει $\TU/LibertinusMath-Regular.otf(1)/m/n/10 𝑖[] = 2𝑖[], 
∀𝑖 ∈ []$ []\TU/LibertinusSerif(0)/m/n/10 .
 []


LaTeX Warning: Citation 'SedraSmith' on page 4 undefined on input line 53.


LaTeX Warning: Citation 'SedraSmith' on page 4 undefined on input line 59.



[4]
Overfull \hbox (14.26735pt too wide) in paragraph at lines 107--108
[]\TU/LibertinusSerif(0)/m/n/10 Στην πα-ρού-σα ε-νό-τη-τα π
α-ρου-σιά-ζο-νται τα α-πο-τε-λέ-σμα-τα των πρ
ο-σο-μοιώ-σε-ων (AC και Transient
 []

<assets/virtuoso/schematics/Error_Amplifier_Schematic_Final.png, id=201, 1084.0
5pt x 524.71031pt>
File: assets/virtuoso/schematics/Error_Amplifier_Schematic_Final.png Graphic fi
le (type png)
<use assets/virtuoso/schematics/Error_Amplifier_Schematic_Final.png>
Package luatex.def Info: assets/virtuoso/schematics/Error_Amplifier_Schematic_F
inal.png  used on input line 111.
(luatex.def)             Requested size: 298.75392pt x 144.60402pt.

LaTeX Warning: Citation 'RazaviCMOS' on page 5 undefined on input line 120.


LaTeX Warning: Citation 'RazaviCMOS' on page 5 undefined on input line 122.

<assets/virtuoso/graphs/bandwidth.pdf, id=204, 632.3625pt x 477.785pt>
File: assets/virtuoso/graphs/bandwidth.pdf Graphic file (type pdf)
<use assets/virtuoso/graphs/bandwidth.pdf>
Package luatex.def Info: assets/virtuoso/graphs/bandwidth.pdf  used on input li
ne 126.
(luatex.def)             Requested size: 318.67207pt x 240.78012pt.


[5<./assets/virtuoso/schematics/Error_Amplifier_Schematic_Final.png>]
<assets/virtuoso/schematics/testbenches/bandwidth_tb.png, id=215, 1212.78094pt 
x 706.13812pt>
File: assets/virtuoso/schematics/testbenches/bandwidth_tb.png Graphic file (typ
e png)
<use assets/virtuoso/schematics/testbenches/bandwidth_tb.png>
Package luatex.def Info: assets/virtuoso/schematics/testbenches/bandwidth_tb.pn
g  used on input line 133.
(luatex.def)             Requested size: 318.67207pt x 185.54181pt.
<assets/virtuoso/graphs/slew_rate.pdf, id=217, 632.3625pt x 477.785pt>
File: assets/virtuoso/graphs/slew_rate.pdf Graphic file (type pdf)
<use assets/virtuoso/graphs/slew_rate.pdf>
Package luatex.def Info: assets/virtuoso/graphs/slew_rate.pdf  used on input li
ne 147.
(luatex.def)             Requested size: 318.67207pt x 240.78012pt.
LaTeX Font Info:    Font shape `TU/LibertinusSerif(0)/m/n' will be
(Font)              scaled to size 5.0pt on input line 148.


[6<./assets/virtuoso/graphs/bandwidth.pdf><./assets/virtuoso/schematics/testbenc
hes/bandwidth_tb.png>]
<assets/virtuoso/schematics/testbenches/slewrate_tb.png, id=241, 1212.78094pt x
 706.13812pt>
File: assets/virtuoso/schematics/testbenches/slewrate_tb.png Graphic file (type
 png)
<use assets/virtuoso/schematics/testbenches/slewrate_tb.png>
Package luatex.def Info: assets/virtuoso/schematics/testbenches/slewrate_tb.png
  used on input line 154.
(luatex.def)             Requested size: 318.67207pt x 185.54181pt.


LaTeX Warning: Citation 'RazaviCMOS' on page 7 undefined on input line 164.



[7<./assets/virtuoso/graphs/slew_rate.pdf><./assets/virtuoso/schematics/testbenc
hes/slewrate_tb.png>]
<assets/virtuoso/graphs/gain_phase.pdf, id=268, 864.22874pt x 477.785pt>
File: assets/virtuoso/graphs/gain_phase.pdf Graphic file (type pdf)
<use assets/virtuoso/graphs/gain_phase.pdf>
Package luatex.def Info: assets/virtuoso/graphs/gain_phase.pdf  used on input l
ine 169.
(luatex.def)             Requested size: 318.67207pt x 176.17258pt.
<assets/virtuoso/schematics/testbenches/dc_gain_tb.png, id=269, 1212.78094pt x 
706.13812pt>
File: assets/virtuoso/schematics/testbenches/dc_gain_tb.png Graphic file (type 
png)
<use assets/virtuoso/schematics/testbenches/dc_gain_tb.png>
Package luatex.def Info: assets/virtuoso/schematics/testbenches/dc_gain_tb.png 
 used on input line 176.
(luatex.def)             Requested size: 318.67207pt x 185.54181pt.


LaTeX Warning: Citation 'Maloberti' on page 8 undefined on input line 185.



[8<./assets/virtuoso/graphs/gain_phase.pdf><./assets/virtuoso/schematics/testben
ches/dc_gain_tb.png>]
<assets/virtuoso/layout/diff_pair.png, id=300, 896.59969pt x 488.57532pt>
File: assets/virtuoso/layout/diff_pair.png Graphic file (type png)
<use assets/virtuoso/layout/diff_pair.png>
Package luatex.def Info: assets/virtuoso/layout/diff_pair.png  used on input li
ne 190.
(luatex.def)             Requested size: 298.75392pt x 162.79591pt.


LaTeX Warning: Citation 'Maloberti' on page 9 undefined on input line 191.


LaTeX Warning: Citation 'Maloberti' on page 9 undefined on input line 191.

<assets/virtuoso/layout/ERROR_AMPLIFIER_LAYOUT_2x.png, id=301, 1326.45563pt x 8
41.64438pt>
File: assets/virtuoso/layout/ERROR_AMPLIFIER_LAYOUT_2x.png Graphic file (type p
ng)
<use assets/virtuoso/layout/ERROR_AMPLIFIER_LAYOUT_2x.png>
Package luatex.def Info: assets/virtuoso/layout/ERROR_AMPLIFIER_LAYOUT_2x.png  
used on input line 197.
(luatex.def)             Requested size: 398.33858pt x 252.73927pt.

LaTeX Warning: Reference `fig:error_amplifier:layout_black' on page 9 undefined
 on input line 198.


LaTeX Warning: Reference `fig:error_amplifier:layout_black' on page 9 undefined
 on input line 198.


LaTeX Warning: `!h' float specifier changed to `!ht'.


LaTeX Warning: Citation 'Maloberti' on page 9 undefined on input line 204.



[9<./assets/virtuoso/layout/diff_pair.png>]

[10<./assets/virtuoso/layout/ERROR_AMPLIFIER_LAYOUT_2x.png>]) (./ldo.tex
LaTeX Font Info:    Font shape `TU/LibertinusSerif(1)/m/n' will be
(Font)              scaled to size 12.0pt on input line 6.


Package hyperref Warning: Token not allowed in a PDF string (Unicode):
(hyperref)                removing `math shift' on input line 6.


Package hyperref Warning: Token not allowed in a PDF string (Unicode):
(hyperref)                removing `\symup' on input line 6.


Package hyperref Warning: Token not allowed in a PDF string (Unicode):
(hyperref)                removing `subscript' on input line 6.


Package hyperref Warning: Token not allowed in a PDF string (Unicode):
(hyperref)                removing `math shift' on input line 6.


LaTeX Warning: Citation 'RazaviFundamentals' on page 11 undefined on input line
 9.


Overfull \hbox (7.3406pt too wide) in paragraph at lines 9--10
[]\TU/LibertinusSerif(0)/m/n/10 Το pMOS στοι-χεί-ο διέ-λευ-σ
ης λει-τουρ-γεί στην πε-ριο-χή κο-ρε-σμού ό-τ
αν η δια-φο-ρά τά-σης εισόδου-
 []


LaTeX Warning: Citation 'RazaviCMOS' on page 11 undefined on input line 20.


LaTeX Warning: Citation 'Maloberti' on page 11 undefined on input line 20.


Overfull \hbox (5.71344pt too wide) in paragraph at lines 19--21
\TU/LibertinusSerif(0)/m/n/10 ό-που η $\TU/LibertinusMath-Regular.otf(1)/m
/n/10 𝑉[]$ \TU/LibertinusSerif(0)/m/n/10 κα-θο-ρί-ζε-ται α-πό 
την ε-λά-χι-στη τά-ση ε-ξό-δου του ε-νι-σχυ-τή 
σφάλ-μα-τος [].
 []

<assets/virtuoso/schematics/ldo_real_schematic_v2png.png, id=319, 972.63374pt x
 529.98pt>
File: assets/virtuoso/schematics/ldo_real_schematic_v2png.png Graphic file (typ
e png)
<use assets/virtuoso/schematics/ldo_real_schematic_v2png.png>
Package luatex.def Info: assets/virtuoso/schematics/ldo_real_schematic_v2png.pn
g  used on input line 32.
(luatex.def)             Requested size: 298.75392pt x 162.78793pt.

LaTeX Warning: `!h' float specifier changed to `!ht'.



[11


]
<assets/virtuoso/graphs/vout_vs_vdd.pdf, id=328, 747.79375pt x 477.785pt>
File: assets/virtuoso/graphs/vout_vs_vdd.pdf Graphic file (type pdf)
<use assets/virtuoso/graphs/vout_vs_vdd.pdf>
Package luatex.def Info: assets/virtuoso/graphs/vout_vs_vdd.pdf  used on input 
line 44.
(luatex.def)             Requested size: 318.67207pt x 203.60635pt.


LaTeX Warning: Citation 'GrayMeyer' on page 12 undefined on input line 49.


LaTeX Warning: Citation 'BakerJacob' on page 12 undefined on input line 51.



[12<./assets/virtuoso/schematics/ldo_real_schematic_v2png.png><./assets/virtuoso
/graphs/vout_vs_vdd.pdf>]

LaTeX Warning: Citation 'MillmanIntegrated' on page 13 undefined on input line 
53.

<assets/virtuoso/graphs/vout_vs_iload.pdf, id=355, 747.79375pt x 477.785pt>
File: assets/virtuoso/graphs/vout_vs_iload.pdf Graphic file (type pdf)
<use assets/virtuoso/graphs/vout_vs_iload.pdf>
Package luatex.def Info: assets/virtuoso/graphs/vout_vs_iload.pdf  used on inpu
t line 64.
(luatex.def)             Requested size: 318.67207pt x 203.60635pt.

LaTeX Warning: Citation 'RazaviCMOS' on page 13 undefined on input line 70.


LaTeX Warning: Citation 'Maloberti' on page 13 undefined on input line 76.



[13<./assets/virtuoso/graphs/vout_vs_iload.pdf>]

LaTeX Warning: Citation 'Rincón-Mora' on page 14 undefined on input line 79.


LaTeX Warning: Citation 'Rincón-Mora' on page 14 undefined on input line 80.


LaTeX Warning: Citation 'Rincón-Mora' on page 14 undefined on input line 85.

<assets/virtuoso/schematics/testbenches/power_tb.png, id=381, 1212.78094pt x 70
6.13812pt>
File: assets/virtuoso/schematics/testbenches/power_tb.png Graphic file (type pn
g)
<use assets/virtuoso/schematics/testbenches/power_tb.png>
Package luatex.def Info: assets/virtuoso/schematics/testbenches/power_tb.png  u
sed on input line 98.
(luatex.def)             Requested size: 278.83578pt x 162.35448pt.

LaTeX Warning: `!h' float specifier changed to `!ht'.

<assets/virtuoso/graphs/LDO_power.pdf, id=383, 864.22874pt x 477.785pt>
File: assets/virtuoso/graphs/LDO_power.pdf Graphic file (type pdf)
<use assets/virtuoso/graphs/LDO_power.pdf>
Package luatex.def Info: assets/virtuoso/graphs/LDO_power.pdf  used on input li
ne 108.
(luatex.def)             Requested size: 318.67207pt x 176.17258pt.

LaTeX Warning: `!h' float specifier changed to `!ht'.



[14]
<assets/virtuoso/layout/ldo_flipped_layout.png, id=395, 1169.11781pt x 718.9359
4pt>
File: assets/virtuoso/layout/ldo_flipped_layout.png Graphic file (type png)
<use assets/virtuoso/layout/ldo_flipped_layout.png>
Package luatex.def Info: assets/virtuoso/layout/ldo_flipped_layout.png  used on
 input line 127.
(luatex.def)             Requested size: 398.33858pt x 244.95058pt.


LaTeX Warning: Reference `fig:error_amplifier:ldo:layout_black' on page 15 unde
fined on input line 128.


LaTeX Warning: Reference `fig:error_amplifier:ldo:layout_black' on page 15 unde
fined on input line 128.



[15<./assets/virtuoso/schematics/testbenches/power_tb.png><./assets/virtuoso/gra
phs/LDO_power.pdf>]

LaTeX Warning: Citation 'BakerJacob' on page 16 undefined on input line 137.


LaTeX Warning: Citation 'AlanHasting' on page 16 undefined on input line 139.


LaTeX Warning: Citation 'RazaviCMOS' on page 16 undefined on input line 141.


LaTeX Warning: Citation 'BakerJacob' on page 16 undefined on input line 143.


LaTeX Warning: Citation 'GrayMeyer' on page 16 undefined on input line 145.


LaTeX Warning: Citation 'AlanHasting' on page 16 undefined on input line 151.



[16<./assets/virtuoso/layout/ldo_flipped_layout.png>]

LaTeX Warning: Citation 'BakerJacob' on page 17 undefined on input line 155.


LaTeX Warning: Citation 'AlanHasting' on page 17 undefined on input line 157.


LaTeX Warning: Citation 'RazaviCMOS' on page 17 undefined on input line 159.


LaTeX Warning: Citation 'AlanHasting' on page 17 undefined on input line 165.


LaTeX Warning: Citation 'AlanHasting' on page 17 undefined on input line 169.


LaTeX Warning: Citation 'AlanHasting' on page 17 undefined on input line 171.

)

[17]

[18] (./layout.tex
<assets/virtuoso/layout/ldo_layout_blackbg.png, id=432, 716.6775pt x 1150.2975p
t>
File: assets/virtuoso/layout/ldo_layout_blackbg.png Graphic file (type png)
<use assets/virtuoso/layout/ldo_layout_blackbg.png>
Package luatex.def Info: assets/virtuoso/layout/ldo_layout_blackbg.png  used on
 input line 6.
(luatex.def)             Requested size: 366.47075pt x 588.20612pt.


[19

<./assets/virtuoso/layout/ldo_layout_blackbg.png>]
<assets/virtuoso/layout/error_amplifier_layout_blackbg.png, id=441, 1324.95pt x
 835.62187pt>
File: assets/virtuoso/layout/error_amplifier_layout_blackbg.png Graphic file (t
ype png)
<use assets/virtuoso/layout/error_amplifier_layout_blackbg.png>
Package luatex.def Info: assets/virtuoso/layout/error_amplifier_layout_blackbg.
png  used on input line 14.
(luatex.def)             Requested size: 585.00453pt x 368.94981pt.


LaTeX Warning: `!h' float specifier changed to `!ht'.



[20<./assets/virtuoso/layout/error_amplifier_layout_blackbg.png>])

LaTeX Warning: Empty bibliography on input line 29.

(./main.aux)
 ***********
LaTeX2e <2024-11-01> patch level 2
L3 programming layer <2025-01-18>
 ***********


LaTeX Warning: There were undefined references.


LaTeX Warning: Label(s) may have changed. Rerun to get cross-references right.


Package rerunfilecheck Warning: File `main.out' has changed.
(rerunfilecheck)                Rerun to get outlines right
(rerunfilecheck)                or use package `bookmark'.

Package rerunfilecheck Info: Checksums for `main.out':
(rerunfilecheck)             Before: A6E2F9FA3496572E85CC264F81DF6EA3;5698
(rerunfilecheck)             After:  3E21495593CF7F364D15884AA14E464D;6003.

Package biblatex Warning: Please (re)run Biber on the file:
(biblatex)                main
(biblatex)                and rerun LaTeX afterwards.

Package logreq Info: Writing requests to 'main.run.xml'.

\openout1 = main.run.xml
)

Here is how much of LuaTeX's memory you used:
 68771 strings out of 475506
 125121,2848258 words of node,token memory allocated
 869 words of node memory still in use:
   7 hlist, 2 vlist, 2 rule, 4 glue, 4 kern, 1 glyph, 82 attribute, 75 glue_spec
, 43 attribute_list, 8 write nodes
   avail lists: 2:6544,3:2375,4:153,5:308,6:95,7:10069,8:69,9:1233,10:16,11:1604

 90477 multiletter control sequences out of 65536+600000
 149 fonts using 54368567 bytes
 91i,13n,130p,1875b,1352s stack positions out of 10000i,1000n,20000p,200000b,200000s
</usr/local/texlive/2025/texmf-dist/fonts/opentype/public/libertinus-fonts/Liber
tinusMath-Regular.otf></usr/local/texlive/2025/texmf-dist/fonts/opentype/public/
libertinus-fonts/LibertinusMono-Regular.otf></usr/local/texlive/2025/texmf-dist/
fonts/opentype/public/libertinus-fonts/LibertinusSerif-Regular.otf></usr/local/t
exlive/2025/texmf-dist/fonts/opentype/public/libertinus-fonts/LibertinusMath-Reg
ular.otf></usr/local/texlive/2025/texmf-dist/fonts/opentype/public/libertinus-fo
nts/LibertinusMath-Regular.otf></usr/local/texlive/2025/texmf-dist/fonts/opentyp
e/public/libertinus-fonts/LibertinusSerif-Bold.otf></usr/local/texlive/2025/texm
f-dist/fonts/opentype/public/libertinus-fonts/LibertinusSerif-Regular.otf>
Output written on main.pdf (22 pages, 1582421 bytes).

PDF statistics: 499 PDF objects out of 1000 (max. 8388607)
 386 compressed objects within 4 object streams
 85 named destinations out of 1000 (max. 131072)
 224 words of extra memory for PDF output out of 10000 (max. 100000000)

